time,open,high,low,close
2019-12-16,23436.289,23549.6,23388.119,23524.76
2019-12-17,23535.619,23716.58,23481.76,23630.77
2019-12-18,23645.91,23738.051,23627.211,23628.869
2019-12-19,23647.051,23710.17,23583.119,23708.939
2019-12-20,23842.279,24003.641,23836.961,24003.641
2019-12-23,23918.551,23941.26,23845.211,23898.42
2019-12-27,23867.961,23898.6,23732.27,23757.6
2019-12-30,23712.109,23735.93,23506.369,23506.369
2020-01-02,23606.971,23861.99,23571.59,23836.26
2020-01-03,23709.9,23759.891,23516.811,23702.35
2020-01-06,23565.92,23607.539,23265.211,23581.289
2020-01-07,23688.25,23793.67,23635.9,23723.381
2020-01-08,23550.609,23893.01,23480.619,23832.02
2020-01-09,23979.65,24078.289,23963.51,24016.699
2020-01-10,24061.43,24146.551,23966.359,24021.4
2020-01-13,24061.449,24061.449,23829.41,23896.59
2020-01-14,23931.939,23947.971,23706.43,23928.211
2020-01-15,23902.76,23931.801,23719.449,23763.859
2020-01-16,23861.551,23960.789,23760.301,23940.41
2020-01-17,24042.6,24168.66,24010.859,24141.07
2020-01-20,24032.65,24084.939,23973.43,24002.449
2020-01-21,23858.029,23860.16,23645.301,23845.279
2020-01-22,23887.83,23906.789,23680.4,23706.289
2020-01-23,23716.43,23901.15,23611.199,23707.051
2020-01-24,23848.461,24083.131,23848.461,23969.131
2020-01-27,23713.119,23977.561,23384.039,23416.131
2020-01-28,23544.561,24027.631,23429.189,24027.631
2020-01-29,24052.971,24197.66,23969.029,24164.73
2020-01-30,23892.301,23982.66,23687.641,23781.1
2020-01-31,23863.15,23873.051,23207.9,23237.029
2020-02-03,23297.09,23466.34,23218.721,23460.01
2020-02-04,23572.77,23900.76,23542.061,23844.85
2020-02-05,23815.721,24270.461,23745.98,24236.631
2020-02-06,24347.99,24513.811,24338.09,24490.35
2020-02-07,24465.18,24523.42,24371.83,24478.32
2020-02-10,24437.061,24585.131,24388.881,24507.699
2020-02-11,24616.66,24762.66,24533.75,24688.891
2020-02-12,24738.211,24901.59,24734.869,24861.279
2020-02-13,24769.051,24892.15,24588.461,24892.15
2020-02-14,24942.1,24983.119,24831.961,24867.01
2020-02-17,24961.76,25120.539,24903,25120.539
2020-02-18,24985.711,25389.461,24969.75,25223.51
2020-02-19,25352.689,25483.051,25271.721,25477.551
2020-02-20,25414.77,25419.961,25080.16,25080.16
2020-02-21,24979.32,25129.98,24670.24,24773.15
2020-02-24,23918.6,24005.211,23255.26,23427.189
2020-02-25,23585.59,23630.43,23046.189,23090.439
2020-02-26,22961.01,23599.85,22637.93,23422.539
2020-02-27,22968.631,23077.82,22479.6,22799.369
2020-02-28,22058.99,22334.721,21697.939,21984.211
2020-03-02,22333.17,22361.131,21118.83,21655.09
2020-03-03,22116.279,22340.461,21651.359,21748.199
2020-03-04,21739.801,22204.01,21499.93,21946.029
2020-03-05,22011.67,22034.939,21362.09,21554.881
2020-03-06,20986.891,21151.359,20624.42,20799.891
2020-03-09,20780.869,20780.869,18346.4,18475.91
2020-03-10,18653.9,19174.77,17771.881,17870.18
2020-03-11,18171.76,18410.289,17674.689,17928.641
2020-03-12,17654.039,17659.859,14894.44,14894.44
2020-03-13,15108.11,17545.439,15106.6,15954.29
2020-03-16,15697.47,15699.27,14153.09,14980.34
2020-03-17,15420.49,15809.66,14695.72,15314.77
2020-03-18,14985.81,15438.23,14791.72,15120.48
2020-03-19,15417.2,15844.08,15038.08,15466.97
2020-03-20,15772.98,16180.17,15616.9,15731.85
2020-03-23,15318.26,15788.7,15091.98,15559.8
2020-03-24,15977.53,16948.6,15969.74,16948.6
2020-03-25,17246.83,17830.359,16581.76,17243.68
2020-03-26,16876.51,17369.381,16834.789,17369.381
2020-03-27,17039.449,17283.439,16666.74,16822.59
2020-03-30,16855.939,16925.07,16312.9,16872.41
2020-03-31,17096.961,17292.15,16694.891,17050.939
2020-04-01,16600.061,16845.15,16500.42,16544.971
2020-04-02,16660.09,16878.301,16413.721,16834.029
2020-04-03,16742.07,16791.08,16384.35,16384.35
2020-04-06,16769.131,17053.91,16764.811,17039.311
2020-04-07,17587.811,17887.119,17177.73,17411.721
2020-04-08,17212.381,17405.789,17196.029,17380.82
2020-04-09,17685.561,17756.01,17360.48,17621.619
2020-04-14,17821.881,17831.01,17507.07,17558.43
2020-04-15,17454.939,17543.27,16719.07,16719.07
2020-04-16,17003.449,17160.91,16729.631,16768.141
2020-04-17,17152.83,17307.65,16963.93,17055.471
2020-04-20,17144.35,17155.391,16785.73,17064.141
2020-04-21,16811.869,16934.52,16450.85,16450.85
2020-04-22,16615,16770.439,16555.34,16765.279
2020-04-23,16925.359,17145.439,16778.15,17011.109
2020-04-24,16640.17,17155.109,16640.17,16858.891
2020-04-27,17313.48,17380.211,17163.85,17380.211
2020-04-28,17428,17940.84,17413,17677.15
2020-04-29,17615.961,18075.65,17608.52,18067.289
2020-04-30,18209.119,18302.85,17654.66,17690.49
2020-05-04,17156.75,17344.68,17035.609,17035.609
2020-05-05,17288.82,17389.779,17082.279,17387.381
2020-05-06,17368.27,17500.039,17145.539,17159.311
2020-05-07,17255.869,17362.609,17093.811,17245.039
2020-05-08,17416.289,17461.619,17254.41,17439.301
2020-05-11,17602.381,17678.471,17307.109,17381.359
2020-05-12,17394.25,17601.869,17394.25,17559.32
2020-05-13,17353.51,17426.98,17183.439,17183.439
2020-05-14,17065.77,17177.43,16551.279,16867.76
2020-05-15,17054.58,17124.4,16792.279,16852.35
2020-05-18,16998.15,17446.381,16953.43,17401.449
2020-05-19,17578.93,17612.891,16929.09,17034.539
2020-05-20,16989.949,17248.061,16674.311,17213.109
2020-05-21,16986.6,17283.74,16950.471,17087.061
2020-05-22,16905.27,17385.789,16820.051,17316.289
2020-05-25,17450.93,17595.9,17304.439,17595.9
2020-05-26,17796.199,17893.949,17696.99,17860.461
2020-05-27,17861.109,18227.99,17736.859,17910.25
2020-05-28,18081.301,18414.02,18045.83,18351.16
2020-05-29,18192.98,18390.609,18149.311,18197.561
2020-06-01,18437.4,18531.289,18236.52,18523.711
2020-06-02,18676.211,19052.57,18568.779,18971.09
2020-06-03,19204.211,19641.811,19171.43,19641.811
2020-06-04,19519.67,19848.619,19391.33,19634.029
2020-06-05,19904.32,20198.07,19868.869,20187.51
2020-06-08,20133.08,20399.381,20050.131,20231.381
2020-06-09,20242.58,20274.189,19678.08,19930.199
2020-06-10,20096.49,20180.85,19694.061,19758.01
2020-06-11,19222.039,19352.52,18806.859,18806.859
2020-06-12,18573.289,19168.699,18553.471,18888.16
2020-06-15,18303.311,19065.08,18302.939,18969.289
2020-06-16,19383.34,19874.471,19296.5,19625.631
2020-06-17,19670.109,19876.119,19487.391,19585.891
2020-06-18,19561.529,19815.26,19332.039,19485.76
2020-06-19,19600.92,19740.52,19572.391,19618.93
2020-06-22,19402.09,19684.77,19310.5,19478.73
2020-06-23,19625.82,19884.73,19551.199,19841.58
2020-06-24,19777.689,19906.6,19162.98,19162.98
2020-06-25,19101.471,19319.34,18878.381,19234.75
2020-06-26,19442.26,19549.189,19124.359,19124.359
2020-06-29,19159.051,19541.33,19112.59,19447.02
2020-06-30,19517.461,19540.461,19223.471,19375.52
2020-07-01,19452.48,19454.85,19013.369,19330.881
2020-07-02,19530.65,19975.391,19482.32,19886.881
2020-07-03,19941.4,19969.109,19631.641,19726.65
2020-07-06,20120.83,20222.711,19928.439,20031.859
2020-07-07,19938.221,20065.539,19845.039,20012.68
2020-07-08,19913.51,20101.18,19847.52,19899.529
2020-07-09,19993.359,20007.82,19502.461,19505.949
2020-07-10,19394.75,19770.35,19394.75,19767.6
2020-07-13,20062.561,20067.039,19734.939,20003.25
2020-07-14,19798.811,19899.811,19677.301,19879.75
2020-07-15,20045.689,20361.49,19982.039,20281.381
2020-07-16,20207.49,20388.711,20178.801,20356.09
2020-07-17,20414.23,20427.039,20264.33,20419.391
2020-07-20,20326.67,20679.1,20217.49,20621.48
2020-07-21,20898.52,21133.43,20703.08,20723.42
2020-07-22,20689.189,20797.061,20508.51,20598.779
2020-07-23,20664.33,20689.4,20362.93,20454.461
2020-07-24,20154.76,20240.52,19960.189,20075.27
2020-07-27,20034.4,20162.779,19913.619,20019.961
2020-07-28,20021.68,20119.58,19698.17,19902.631
2020-07-29,19895.43,19973.32,19719.02,19880.57
2020-07-30,19926.1,19975.859,19116.07,19228.471
2020-07-31,19341.529,19532.109,19085.76,19091.93
2020-08-03,19136.52,19402.211,18948.811,19379.789
2020-08-04,19531.561,19657.6,19377.42,19613.949
2020-08-05,19766.17,19896.27,19641.76,19740.199
2020-08-06,19701.73,19834.211,19352.6,19475.15
2020-08-07,19428.539,19564.35,19251.02,19516.43
2020-08-10,19569.971,19668.039,19454.471,19651.57
2020-08-11,19850.25,20293.75,19850.25,20209.109
2020-08-12,20172.42,20463.34,20150.65,20437.359
2020-08-13,20383.461,20471.631,20257.311,20257.311
2020-08-14,20159.07,20185.109,19821.07,20028.109
2020-08-17,20100.73,20123.279,19852.561,19950.32
2020-08-18,19845.199,20159.23,19722.58,19845.609
2020-08-19,19832.561,20055.4,19734.23,20055.4
2020-08-20,19826.91,19921,19718.9,19766.961
2020-08-21,19846.301,19868.1,19480.35,19695.43
2020-08-24,19908.35,20129.539,19887.33,20113.359
2020-08-25,20256.09,20367.67,20030.051,20030.051
2020-08-26,19971.029,20137.289,19928.449,20137.289
2020-08-27,20130.92,20133.301,19847.381,19847.381
2020-08-28,19952.98,19991.561,19686.9,19841.01
2020-08-31,19971.939,20081.25,19616.32,19633.689
2020-09-01,19776.359,19870.67,19434.74,19595.02
2020-09-02,19713.311,20036.439,19672.43,19858.211
2020-09-03,20009.24,20140.84,19462.039,19551.48
2020-09-04,19466.42,19780.961,19254.92,19391.25
2020-09-07,19530.02,19756.891,19480.109,19738.01
2020-09-08,19807.529,19816.77,19201.99,19380.18
2020-09-09,19365.27,19792.23,19364.23,19771.32
2020-09-10,19786.43,19971.131,19691.76,19820.221
2020-09-11,19789.551,19875.859,19697.869,19820.75
2020-09-14,19942.65,19967.57,19725.23,19793.801
2020-09-15,19830.6,20043,19718.27,19956.949
2020-09-16,19982.35,20033.1,19803.26,19963.99
2020-09-17,19645.949,19810.539,19630.01,19739.73
2020-09-18,19684.721,19789.85,19510.27,19524.939
2020-09-21,19408.311,19439.711,18778.279,18793.35
2020-09-22,18945.141,19081.42,18802.93,18895.59
2020-09-23,19080.18,19231.99,18929.891,18929.891
2020-09-24,18652.539,19101.93,18620.949,18906.83
2020-09-25,18935.85,18938.301,18545.92,18698.359
2020-09-28,18952.961,19173.311,18902.6,19160.1
2020-09-29,19131.789,19222.131,18996.27,19061.18
2020-09-30,18885.65,19146.109,18873.359,19015.27
2020-10-01,19176.561,19270.92,18969.949,19061.5
2020-10-02,18834.119,19072.25,18815.391,19064.311
2020-10-05,19207.93,19270.131,19090.779,19265.51
2020-10-06,19332.52,19520.07,19194.99,19429.811
2020-10-07,19409.961,19473.35,19356.109,19435.08
2020-10-08,19536.199,19631.24,19461.961,19582.43
2020-10-09,19591.789,19683.02,19475.689,19595.381
2020-10-12,19642.881,19764.74,19558.99,19718.77
2020-10-13,19722.24,19730.439,19488.561,19558.689
2020-10-14,19576.119,19738.33,19515.609,19607.73
2020-10-15,19380.41,19384.801,18957.301,19065.439
2020-10-16,19203.279,19454.471,19036.859,19389.68
2020-10-19,19475.83,19585.039,19309.82,19374.211
2020-10-20,19322.801,19568.16,19245.359,19482.131
2020-10-21,19526.439,19527.961,19083.32,19085.949
2020-10-22,19085.949,19170.73,18855.9,19076.949
2020-10-23,19081.98,19364.74,19073.99,19285.41
2020-10-26,18942.199,19202.51,18919.27,18945.141
2020-10-27,19010.84,19010.84,18647.42,18654.949
2020-10-28,18296.58,18346.74,17843.039,17897.789
2020-10-29,17964.67,18082.381,17636.381,17872.279
2020-10-30,17682.77,17969.869,17669.801,17943.109
2020-11-02,17967.699,18400.25,17806.439,18400.029
2020-11-03,18535.939,18986.24,18508.16,18986.24
2020-11-04,18673.199,19394.939,18576.91,19358.279
2020-11-05,19490.109,19788.119,19479.859,19731.381
2020-11-06,19685.689,19822.391,19482.23,19681.68
2020-11-09,20011.16,20931.67,19960.641,20750.18
2020-11-10,20788.061,20929.49,20584.48,20851.58
2020-11-11,20957.811,21049.779,20815.67,20993.02
2020-11-12,20826.311,20959.57,20710.26,20817.73
2020-11-16,21144.82,21435.141,21007.811,21317.01
2020-11-17,21306.6,21494.801,21248.381,21435.109
2020-11-18,21420.73,21658.84,21365.92,21622.66
2020-11-19,21485.631,21680.33,21426.061,21536.24
2020-11-20,21522.35,21770.67,21495.67,21706.961
2020-11-23,21870.99,21996.391,21701.789,21701.789
2020-11-24,21985.33,22149.551,21953.33,22145.061
2020-11-25,22280.551,22344.07,22054.4,22303.58
2020-11-26,22385.25,22387.26,22201.439,22201.439
2020-11-27,22172.91,22386.48,22167.35,22352.461
2020-11-30,22210.34,22353.359,22060.98,22060.98
2020-12-01,22193.1,22226.82,22010.471,22099.92
2020-12-02,22019.93,22042.76,21783.99,21972.199
2020-12-03,22019.4,22033.789,21901.551,22007.4
2020-12-04,22029.9,22197.25,22027.1,22178.801
2020-12-07,22129.6,22156.23,21964.24,22107.18
2020-12-08,22064.029,22105.961,21903.949,22053.42
2020-12-09,22215.289,22274.26,21957.17,21969.59
2020-12-10,22032.17,22088.77,21745.609,21915.51
2020-12-11,21857.289,21904.289,21572.211,21702.16
2020-12-14,21862.9,21997.33,21759.73,21759.73
2020-12-15,21718.18,21963.801,21676.08,21935.051
2020-12-16,21995.43,22176.221,21887.91,21986.52
2020-12-17,22078.67,22142.199,22009.49,22012.07
2020-12-18,21918.51,22144.619,21910.93,21976.119
2020-12-21,21469.631,21633.5,21087.1,21410.51
2020-12-22,21491.24,21851.119,21489.289,21844.33
2020-12-23,21969.939,22155.939,21920.58,22130.18
2020-12-28,22308.381,22354.359,22251.711,22288.52
2020-12-29,22389.381,22395.109,22203.131,22259.35
2020-12-30,22302.811,22345.34,22232.9,22232.9
2021-01-04,22398.061,22493.24,22228.449,22315.869
2021-01-05,22223.439,22354.82,22105.949,22200.6
2021-01-06,22364.33,22792.93,22218.08,22734.32
2021-01-07,22823.641,22852.34,22622.1,22746.08
2021-01-08,22946.061,23003.561,22700.801,22793.939
2021-01-11,22703.551,22804.43,22502.18,22722.01
2021-01-12,22787.34,22820.619,22557.73,22646.07
2021-01-13,22611.221,22811.949,22574.1,22743.65
2021-01-14,22742.699,22879.5,22637.721,22637.721
2021-01-15,22632.869,22747.869,22242.77,22381.35
2021-01-18,22257.689,22515.99,22239.211,22498.891
2021-01-19,22635.961,22650.32,22427.93,22441.721
2021-01-20,22569.5,22664.76,22502.84,22650.779
2021-01-21,22789.57,22835.891,22424.779,22428.93
2021-01-22,22253.07,22259.279,21925.76,22088.359
2021-01-25,22237.141,22250.33,21666.711,21735.949
2021-01-26,21710.34,22044.391,21655.18,21987
2021-01-27,21922.66,21985.33,21420.891,21662.73
2021-01-28,21470.49,21941.141,21311.51,21916.5
2021-01-29,21569.939,21786.49,21520.721,21572.529
2021-02-01,21737.029,21883.289,21618.5,21825.51
2021-02-02,21956.869,22151.689,21956.35,22066.869
2021-02-03,22444.17,22737.5,22378.07,22527.9
2021-02-04,22561.5,22982.109,22481.061,22900.551
2021-02-05,22988.369,23276.221,22937.039,23083.42
2021-02-08,23280.561,23512.99,23231.471,23425.92
2021-02-09,23482.301,23482.301,23258.529,23300.49
2021-02-10,23413.16,23414.119,23133.609,23264.68
2021-02-11,23287.881,23369.381,23254.609,23307.24
2021-02-12,23290.609,23410.6,23059.051,23410.6
2021-02-15,23628.939,23652.449,23561.801,23604.311
2021-02-16,23631.07,23641.42,23422.76,23440.811
2021-02-17,23384.42,23452.93,23122.449,23178.561
2021-02-18,23196.18,23278.34,22881.529,22921.83
2021-02-19,22935.061,23186.59,22851.6,23136.311
2021-02-22,22999.641,23044.891,22841.711,23009.18
2021-02-23,23101.561,23174.301,22635.061,22939.381
2021-02-24,22903.75,23133.141,22869.65,23098.15
2021-02-25,23264.6,23292.369,23054.57,23063.551
2021-02-26,22723.57,23027.08,22677.82,22848.58
2021-03-01,23123.23,23272.301,23077.93,23264.859
2021-03-02,23177.43,23326.051,23083.551,23083.551
2021-03-03,23218.27,23352.98,22824.029,23046.77
2021-03-04,22955.18,23188.25,22795.551,23093.1
2021-03-05,22955.061,23289.641,22873.6,22965.631
2021-03-08,23174.4,23730.18,23068.16,23681.57
2021-03-09,23691.49,23869.57,23631.59,23816.5
2021-03-10,23794.369,23958.051,23735.641,23925.961
2021-03-11,24023.57,24221.779,24023.57,24121.369
2021-03-12,24097.779,24179.85,24019.99,24113.221
2021-03-15,24216.73,24425.23,24054.43,24139.449
2021-03-16,24255.699,24318.699,24182.789,24261.119
2021-03-17,24276.99,24350.33,24197.869,24281.051
2021-03-18,24433.711,24459.141,24258.891,24360.49
2021-03-19,24013.891,24369.67,23967.381,24199.42
2021-03-22,24074.961,24286.18,24028.92,24262.84
2021-03-23,24212.5,24217.92,24023.9,24113.859
2021-03-24,23970.141,24217.221,23934.199,24208.66
2021-03-25,24149.42,24264.859,23993.471,24218.551
2021-03-26,24389.689,24426.859,24265.881,24393.26
2021-03-29,24426.359,24485.5,24327.66,24421.4
2021-03-30,24536.529,24708.369,24469.24,24636.391
2021-03-31,24677.07,24777.971,24636.539,24648.561
2021-04-01,24730.949,24754.51,24655.82,24710
2021-04-06,24926.24,24939,24745.859,24761.119
2021-04-07,24762.08,24834.93,24602.49,24740.73
2021-04-08,24855.189,24876.109,24532.141,24576.51
2021-04-09,24613.801,24677.551,24429.41,24429.41
2021-04-12,24403.961,24577.73,24340.619,24457.18
2021-04-13,24486.23,24639.199,24461.641,24600.35
2021-04-14,24630.75,24631.311,24435.35,24574.74
2021-04-15,24600.93,24641.02,24469.76,24528.689
2021-04-16,24554.5,24767.02,24526.199,24744.381
2021-04-19,24733.48,24804.83,24656.85,24691.461
2021-04-20,24697.77,24732.35,24048.391,24088.65
2021-04-21,24193.619,24267.98,23916.971,24161.381
2021-04-22,24252.189,24413.98,24176.01,24398.41
2021-04-23,24277.789,24395.82,24226.971,24386.09
2021-04-26,24425.99,24547.381,24321.5,24513.84
2021-04-27,24514.59,24537.061,24345.84,24473.061
2021-04-28,24525.85,24554.58,24358.881,24459.57
2021-04-29,24547.59,24551.9,24151.48,24278.199
2021-04-30,24325.641,24395.881,24086.41,24141.16
2021-05-03,24196.26,24465.76,24146.67,24419.971
2021-05-04,24463.92,24515.99,23943.83,23977.529
2021-05-05,24158.539,24473.23,24105.91,24463.891
2021-05-06,24552.061,24676.529,24371.039,24495.07
2021-05-07,24630.141,24640.961,24420.26,24612.039
2021-05-10,24724.02,24812.5,24651.381,24802.9
2021-05-11,24613.92,24618.811,24261.77,24396.01
2021-05-12,24439.961,24535.381,24253.641,24452.93
2021-05-13,24235.33,24564.33,23898.051,24486.01
2021-05-14,24624.461,24766.09,24430.301,24766.09
2021-05-17,24846.391,24928.58,24713.141,24862.68
2021-05-18,25053.83,25113.85,24817.65,24880.449
2021-05-19,24622.58,24772.061,24260.221,24486.689
2021-05-20,24607.859,24702.109,24396.74,24702.109
2021-05-21,24769.73,24975,24716.529,24975
2021-05-24,24851.41,24968.721,24792.24,24891.24
2021-05-25,24950.35,25009.43,24881.48,24892.9
2021-05-26,24958.25,24996.16,24682.141,24778.039
2021-05-27,24712.65,25102.891,24708.15,25056.189
2021-05-28,25095.561,25186.17,25043.08,25169.391
2021-05-31,25170.57,25278.91,25148.85,25170.551
2021-06-01,25272.66,25553.391,25268.18,25321.82
2021-06-02,25281.16,25407.83,25255.949,25379.689
2021-06-03,25358.68,25478.721,25201.141,25452.33
2021-06-04,25448.84,25570.461,25442.01,25570.461
2021-06-07,25555.99,25829.43,25515.471,25824.711
2021-06-08,25843.25,25926.66,25704.57,25809.16
2021-06-09,25845.439,25880.369,25692.369,25741.75
2021-06-10,25755.57,25769.32,25517.199,25638.189
2021-06-11,25655.789,25739.52,25607.789,25717.42
2021-06-14,25789.01,25863.15,25687.529,25757.83
2021-06-15,25828.07,25839.82,25645.301,25736.75
2021-06-16,25806.75,25826.721,25699.24,25767.539
2021-06-17,25686.529,25794.42,25670.66,25713.6
2021-06-18,25670.08,25747.02,25217.131,25218.16
2021-06-21,24903.25,25397.721,24903.25,25397.721
2021-06-22,25428.301,25428.779,25208.369,25315.57
2021-06-23,25354.49,25409.65,25077.141,25077.141
2021-06-24,25149.721,25428.801,25119.76,25422.221
2021-06-25,25457,25517.4,25422.439,25510.5
2021-06-28,25504.41,25572.48,25227.1,25227.1
2021-06-29,25247.33,25467.869,25247.33,25357.359
2021-06-30,25350.92,25400.689,24954.109,25102.039
2021-07-01,25256.77,25407.51,25039.91,25286.061
2021-07-02,25342.25,25389.07,25230.949,25282.41
2021-07-05,25270.551,25512.59,25162.699,25441.34
2021-07-06,25445.67,25451.92,25163.35,25227.92
2021-07-07,25314.18,25435.801,25165.949,25284.99
2021-07-08,25135.18,25145.92,24463.609,24641.471
2021-07-09,24753.9,25079.869,24750.75,25051.82
2021-07-12,25118.5,25302.09,24968.971,25283.199
2021-07-13,25321.689,25327.141,25082.08,25156.65
2021-07-14,25109.971,25319.74,25098.311,25194.33
2021-07-15,25085.26,25102.73,24832.5,24875.5
2021-07-16,24918.381,24998.811,24686.109,24792.779
2021-07-19,24512.84,24531.42,23834.551,23965.92
2021-07-20,24107.859,24234.07,23817.66,24107.33
2021-07-21,24248.27,24682.25,24231.301,24675.609
2021-07-22,24798.01,24986.619,24734.539,24805.211
2021-07-23,24935.52,25159.59,24912.43,25124.91
2021-07-26,24994.461,25296.4,24972.16,25296.4
2021-07-27,25224.641,25260.939,25004.42,25086.551
2021-07-28,25099.99,25295.859,25060.24,25261.67
2021-07-29,25362.77,25540.91,25313.23,25516.461
2021-07-30,25427.801,25504.391,25348.311,25363.02
2021-08-02,25535.52,25679.869,25351.6,25351.6
2021-08-03,25415.34,25476.699,25275.77,25356.15
2021-08-04,25478.16,25551.67,25350.039,25490.221
2021-08-05,25496.189,25671.65,25492,25665.551
2021-08-06,25678.971,26035.051,25652.221,26000.279
2021-08-09,26012.24,26156.609,26010.08,26139.43
2021-08-10,26155.18,26288.641,26142.24,26201.211
2021-08-11,26268.82,26480.199,26219.32,26457.061
2021-08-12,26483.43,26574.91,26438.561,26557.84
2021-08-13,26569.5,26687.971,26539.07,26652.561
2021-08-16,26487.91,26607.99,26391.789,26448.76
2021-08-17,26330.5,26330.5,26161.25,26224.789
2021-08-18,26224.68,26376.439,26157.859,26357.211
2021-08-19,26037.93,26050.289,25715.641,25928.779
2021-08-20,25906.311,25936.619,25706.551,25918.27
2021-08-23,26120.961,26179.85,25935.699,26046.029
2021-08-24,26151.08,26152.35,25896.18,26027.91
2021-08-25,26030.869,26061.619,25966.369,26060.27
2021-08-26,25963.221,26049.061,25834.75,25861.52
2021-08-27,25857.84,26012.859,25813.82,26006.631
2021-08-30,26061.99,26074.34,25943.961,26024.27
2021-08-31,26050.92,26205.01,25895.25,26009.289
2021-09-01,26186,26397.76,26094.949,26181.66
2021-09-02,26171.949,26263.32,26151.42,26233.381
2021-09-03,26221.16,26261.119,25970.689,26064.779
2021-09-06,26129.18,26298.33,26121.311,26263.43
2021-09-07,26245.311,26268.539,26038.109,26073.73
2021-09-08,25948.67,26064.1,25717.07,25876.891
2021-09-09,25715.561,26002.18,25642.631,25909.83
2021-09-10,25961.52,25990.891,25642.689,25686.471
2021-09-13,25794.08,26011.189,25793.27,25925.73
2021-09-14,25943.961,26130.211,25916.381,26027.07
2021-09-15,26050.59,26060.211,25688.18,25762.1
2021-09-16,25916.92,26104.66,25913.57,25963.93
2021-09-17,26118.949,26161.74,25709.561,25709.561
2021-09-20,25355.02,25396.311,24941.189,25048.26
2021-09-21,25210.029,25436.48,25169.26,25353.359
2021-09-22,25529.1,25717.461,25431.551,25717.461
2021-09-23,25894.881,26087.58,25853.789,26081.131
2021-09-24,26021.971,26081.891,25920.83,25968.84
2021-09-27,26159.279,26186.59,26010.211,26132.24
2021-09-28,26156.369,26223.41,25573.25,25573.25
2021-09-29,25727.279,25826.17,25577.49,25736.85
2021-09-30,25901.41,25938.141,25557.91,25683.811
2021-10-01,25305.641,25739.65,25276.17,25615.311
2021-10-04,25540.6,25721.971,25411.279,25460.801
2021-10-05,25531.27,25956.02,25520.17,25956.02
2021-10-06,25782.279,25783.561,25330.09,25605.73
2021-10-07,25934.35,26047.539,25761.221,25992.289
2021-10-08,26023,26095.289,25936.85,26051.01
2021-10-11,25996.529,26051.539,25804.76,25930.461
2021-10-12,25636.15,25990.02,25596.811,25990.02
2021-10-13,25928.34,26046.02,25858.49,25958.689
2021-10-14,26122.76,26317.391,26078.66,26277.57
2021-10-15,26437.9,26550.49,26349.17,26489.18
2021-10-18,26332,26385.9,26156.42,26268.619
2021-10-19,26299.619,26387.34,26256.221,26332.99
2021-10-20,26274.051,26608.609,26256.18,26581.77
2021-10-21,26449.59,26630.76,26385.51,26525.15
2021-10-22,26582.109,26682.25,26551.211,26571.73
2021-10-25,26596,26822.939,26572.891,26815.789
2021-10-26,26877.09,27049.32,26834.51,26970.949
2021-10-27,26877.539,26943.84,26758.75,26806.189
2021-10-28,26821.391,26938.41,26761.74,26890.35
2021-10-29,26753.449,26895.609,26628.59,26875.961
2021-11-01,27020.301,27303.01,27004.51,27206
2021-11-02,27172.869,27237.51,27097.279,27189.631
2021-11-03,27168.199,27377.869,27140.65,27377.869
2021-11-04,27517.711,27550.289,27404.891,27522.051
2021-11-05,27525.92,27866.869,27520.631,27795.93
2021-11-08,27809.41,27832.539,27711.09,27711.09
2021-11-09,27661.66,27718.561,27441.27,27441.27
2021-11-10,27527.34,27601.26,27418.26,27561
2021-11-11,27535.33,27653.98,27480.65,27633.199
2021-11-12,27639.311,27736.529,27578.9,27732.391
2021-11-15,27700.98,27877.891,27680.141,27868.131
2021-11-16,27932.039,27968.91,27801.061,27804.93
2021-11-17,27840.26,27884.211,27779.82,27824.939
2021-11-18,27815.58,27873.869,27595.189,27661.82
2021-11-19,27754.6,27817.18,27163.99,27337.461
2021-11-22,27272.869,27440.141,27199.08,27382.869
2021-11-23,27157.619,27252.15,26912.449,26939.4
2021-11-24,27013.4,27147.619,26797.449,27109.301
2021-11-25,27215.711,27301.51,27041.619,27098.83
2021-11-26,26303.18,26442.801,25852.99,25852.99
2021-11-29,26226.881,26329.939,25967.369,26041.551
2021-11-30,25658.75,26084.74,25517.711,25814.34
2021-12-01,26039.43,26426.061,25986.939,26371.92
2021-12-02,26100.439,26235.75,25882.949,26005.4
2021-12-03,26233.109,26283.98,25825.85,25938.52
2021-12-06,26152.73,26525.84,26035.811,26498.07
2021-12-07,26725.311,27170.891,26715.35,27137.98
2021-12-08,27041.15,27155.939,26751.93,26751.93
2021-12-09,26786.82,26896.439,26689.561,26817.381
2021-12-10,26664.641,26905.68,26660.17,26721.98
2021-12-13,26795.33,26946.551,26512.73,26551.02
2021-12-14,26653.9,26747.48,26521.16,26556.67
2021-12-15,26660.82,26782.641,26613.27,26666.08
2021-12-16,27040.66,27040.66,26706.76,26782.439
2021-12-17,26588.67,26680.939,26351.99,26611.41
2021-12-20,26004.91,26245.99,25783.029,26177.76
2021-12-21,26431.1,26653.301,26298.91,26653.301
2021-12-22,26667.18,26827.93,26541.23,26827.93
2021-12-23,26886.18,27022.82,26814.48,27016.221
2021-12-27,26942.4,27251.91,26925.02,27231.199
2021-12-28,27274.91,27496.551,27274.35,27444.93
2021-12-29,27460.68,27467.26,27259.84,27344.25
2021-12-30,27354.289,27415.25,27307.561,27346.83
2022-01-03,27408.891,27779.279,27408.6,27730.32
2022-01-04,27897.211,28083.891,27752.77,27954.84
2022-01-05,28002.43,28212.68,27951.109,28162.67
2022-01-06,27738.35,27942.061,27600.779,27655.689
2022-01-07,27776.07,27853.35,27448.689,27618.471
2022-01-10,27778.949,27803.141,27273.141,27353.711
2022-01-11,27550.65,27642.381,27445.84,27535.48
2022-01-12,27693.061,27727,27507.67,27714.26
2022-01-13,27676.471,27900,27661.98,27844.449
2022-01-14,27597.811,27737.449,27421.76,27543.961
2022-01-17,27678.41,27705.1,27574.301,27688.561
2022-01-18,27579.051,27584.789,27304.6,27483.279
2022-01-19,27326.721,27563.029,27221.24,27370.85
2022-01-20,27428.859,27570,27315.721,27570
2022-01-21,27171.82,27315.689,26807.051,27061.4
2022-01-24,26879.939,26989.609,25801.949,25972.9
2022-01-25,26185.99,26273.641,25784.68,26028.891
2022-01-26,26224.73,26656.57,26198.859,26619.25
2022-01-27,26294.43,27040.35,26257.67,26882.471
2022-01-28,26841.65,26866,26293.32,26565.41
2022-01-31,27055.16,27060.439,26647.811,26814.051
2022-02-01,27023.82,27224.891,26998.789,27224.891
2022-02-02,27341.98,27549.619,27318.119,27388.73
2022-02-03,27371.789,27380.119,27062.09,27088.961
2022-02-04,27261.039,27266.98,26514.381,26603.59
2022-02-07,26719.971,26748.75,26144.301,26328.93
2022-02-08,26335.301,26658.92,26202.34,26411.73
2022-02-09,26642.07,27128.99,26641.119,27128.99
2022-02-10,27215.84,27353.609,26966.301,27190.199
2022-02-11,26850.1,27047.381,26740.91,26966.1
2022-02-14,26334.1,26506.93,25893.779,26415.41
2022-02-15,26339.221,26973.609,26303.449,26967.98
2022-02-16,27065.711,27160.59,26779.061,26969.32
2022-02-17,26944.029,27025.109,26562.381,26669.27
2022-02-18,26761.68,26832.1,26420.471,26506.789
2022-02-21,26678.061,26702.9,25848.051,26050.029
2022-02-22,25329.73,26221.98,25329.211,26043.961
2022-02-23,26172.85,26383.631,25917.301,25955.08
2022-02-24,25486.34,25544.85,24507.08,24879.881
2022-02-25,25136.59,25803.029,24796.631,25773.029
2022-02-28,25207.801,25479.381,24953.211,25415.891
2022-03-01,25399.77,25630.01,24363.561,24363.561
2022-03-02,24270.16,24708.789,23967.109,24534.33
2022-03-03,24597.08,24742.961,23907.59,23958.83
2022-03-04,23718.41,23745.869,22464.859,22464.859
2022-03-07,21913.41,22761.43,21060.07,22160.279
2022-03-08,21888.561,22987.83,21886.699,22338.131
2022-03-09,22855.93,23889.49,22762.98,23889.49
2022-03-10,23925.68,23978.59,22829.51,22886.689
2022-03-11,23035.5,23706.561,22778.289,23041.199
2022-03-14,23325.391,23617.721,23240.881,23426.699
2022-03-15,23225.82,23595.189,22928.77,23499.859
2022-03-16,24035.859,24452.9,23975.289,24284.85
2022-03-17,24380.25,24460.369,23846.35,24123.58
2022-03-18,24204.77,24261.68,23827.42,24222.16
2022-03-21,24164.57,24495.5,24162.561,24294.711
2022-03-22,24402.449,24594.58,24367.52,24533.84
2022-03-23,24641.279,24643.789,24224.891,24298.66
2022-03-24,24357.211,24552.279,24275.68,24401.48
2022-03-25,24438.699,24673.51,24336.859,24558.74
2022-03-28,24593.891,25093.16,24579.721,24712.6
2022-03-29,25026.439,25505.68,24915.66,25307.98
2022-03-30,25221.07,25358.039,25064.84,25300.25
2022-03-31,25336.16,25367.4,25021.26,25021.26
2022-04-01,25054.58,25296.51,24949.75,25163.301
2022-04-04,25202.131,25240.07,24906.17,25175.859
2022-04-05,25164.811,25280.449,24853.23,24960.381
2022-04-06,24916.23,25015.92,24191.301,24447.359
2022-04-07,24525.609,24912.92,24275.58,24302.711
2022-04-08,24667.189,24844.32,24616.279,24819.15
2022-04-11,24773.859,24980.9,24605.939,24749.49
2022-04-12,24458.939,24809.59,24335.631,24667.27
2022-04-13,24588.221,24722.16,24512.881,24722.16
2022-04-14,24783.85,24943.35,24658.67,24862.35
2022-04-19,24581.061,24675.24,24354.891,24624.41
2022-04-20,24660.721,24928.461,24606.26,24878.23
2022-04-21,24873,24983.631,24805.619,24805.619
2022-04-22,24442.34,24600.98,24261.029,24279.631
2022-04-25,23887.77,24108.189,23733.74,23908.551
2022-04-26,24150.119,24153.16,23679.01,23681.76
2022-04-27,23701.93,23887.141,23304.27,23830.109
2022-04-28,24039.57,24247.84,23835.039,24055.561
2022-04-29,24313.439,24408.73,24128.52,24252.16
2022-05-02,24042.119,24120.869,23320.09,23857.23
2022-05-03,24034.67,24242.25,23951.471,24242.25
2022-05-04,24264.949,24304.471,23893.801,23902.061
2022-05-05,24349.199,24440.92,23694.74,23759.711
2022-05-06,23688.42,23813.92,23356.49,23475.721
2022-05-09,23419.35,23541.59,22832.561,22832.561
2022-05-10,23085.4,23378.43,23021.4,23069.779
2022-05-11,23275.631,23724.199,23152.17,23724.199
2022-05-12,23309.68,23706.74,23218.73,23566.23
2022-05-13,23767.76,24048.289,23668.5,24048.289
2022-05-16,23978.539,24148.939,23869.029,24033.051
2022-05-17,24229.711,24474.68,24167.9,24301.65
2022-05-18,24338.32,24387.631,24060.801,24085.82
2022-05-19,23876.939,24070.08,23719.5,24065.051
2022-05-20,24224.051,24543.461,24035.48,24095
2022-05-23,24050.061,24136.561,23777.869,24136.561
2022-05-24,23889.99,24082.051,23797.41,23876.08
2022-05-25,24089.01,24291.16,23854.211,24250.449
2022-05-26,24284.199,24571.881,24210.99,24546.5
2022-05-27,24636.4,24672.67,24444.631,24636.26
2022-05-30,24771.561,24835.461,24674.67,24808.65
2022-05-31,24729.699,24788.35,24453.08,24505.08
2022-06-01,24656.859,24694.59,24229.711,24283.561
2022-06-02,24381.711,24447.939,24286.67,24426.5
2022-06-03,24564.68,24574.891,24113.4,24166.66
2022-06-06,24351.699,24648.881,24346.869,24565.67
2022-06-07,24445.59,24462.699,24209.07,24366.189
2022-06-08,24417.73,24445.119,24101.4,24236.67
2022-06-09,24077.24,24196.039,23641.16,23776.971
2022-06-10,23619.311,23625.869,22544.5,22547.48
2022-06-13,22106.01,22255.289,21796.67,21918.039
2022-06-14,22107.279,22166.131,21615.619,21846.891
2022-06-15,22213.539,22599.23,22078.57,22473.561
2022-06-16,22347.43,22397.221,21723.029,21726.641
2022-06-17,21748.461,22224.27,21737.1,21788.869
2022-06-20,21844.609,22032.131,21722.93,22004.051
2022-06-21,22076.789,22293.73,22025.631,22089.41
2022-06-22,21719.221,21934.99,21502.211,21788.57
2022-06-23,21694.16,21967.939,21451.789,21615
2022-06-24,21699.971,22159.689,21592.76,22119.199
2022-06-27,22219.461,22348.52,21838.75,21928.811
2022-06-28,22064.971,22283.109,22026.43,22101.23
2022-06-29,21861.5,21974.57,21744.26,21833.5
2022-06-30,21495.061,21566.439,21141.061,21293.859
2022-07-01,21067.449,21547.369,21023.939,21354.65
2022-07-04,21502.869,21565.92,21318.439,21343.93
2022-07-05,21479.42,21479.42,20698.58,20705.061
2022-07-06,20996.82,21053.529,20742.77,20920.99
2022-07-07,21190.461,21581,21144.35,21558.07
2022-07-08,21540.631,21838.99,21476.32,21774.18
2022-07-11,21454.5,21771.82,21433.66,21567.699
2022-07-12,21414.24,21511.141,21285.381,21485.699
2022-07-13,21404.619,21431.42,21038.801,21286.33
2022-07-14,21142.58,21168.98,20420.57,20554.33
2022-07-15,20568.471,20977.18,20469.131,20933.26
2022-07-18,20933.26,21294.34,20931.051,21169.119
2022-07-19,21003.449,21704.779,21002.381,21696.199
2022-07-20,21770.961,21841.551,21206.891,21348.42
2022-07-21,20918,21322.811,20724.859,21196.59
2022-07-22,21165.039,21385.17,21093.98,21211.98
2022-07-25,21152.619,21413.619,21115.01,21382.711
2022-07-26,21350.811,21371.039,21146.17,21159.98
2022-07-27,21291.66,21497.83,21252.41,21480.699
2022-07-28,21700.42,21932.061,21636.189,21932.061
2022-07-29,22196.539,22494.08,22119.539,22405.48
2022-08-01,22525.939,22808.199,22429.471,22429.471
2022-08-02,22386.029,22402.391,22156.369,22351.02
2022-08-03,22374.68,22581.15,22300.289,22574.9
2022-08-04,22650.381,22879.891,22589.57,22645.84
2022-08-05,22677.029,22732.029,22499.65,22586.881
2022-08-08,22721.971,22827.98,22559.869,22727.939
2022-08-09,22728.09,22770.859,22469.68,22488.49
2022-08-10,22418.92,22733.01,22354.02,22702.439
2022-08-11,22814.26,22870.02,22755.359,22858.18
2022-08-12,22869.051,23015.449,22865.82,22970.73
2022-08-16,23083.26,23153.68,22961.539,22997.83
2022-08-17,23090.609,23153.82,22726.49,22757.811
2022-08-18,22788.131,22985.699,22786.32,22985.699
2022-08-19,22891.09,22931.4,22522.49,22534.57
2022-08-22,22356.43,22433.039,22042.09,22165.66
2022-08-23,22069.869,22475.01,22041.52,22380.061
2022-08-24,22299.971,22466.131,22134.051,22431.471
2022-08-25,22580.92,22607.32,22319.18,22454.43
2022-08-26,22556.32,22565.43,21888.34,21895.25
2022-08-29,21663.961,21903.779,21538.529,21841.881
2022-08-30,21960.23,22229.189,21759.84,21825.221
2022-08-31,21951.699,21993.82,21559.32,21559.32
2022-09-01,21337.51,21446.539,21223.471,21302.16
2022-09-02,21422.949,21947.02,21375.58,21921.26
2022-09-05,21449.01,21553.32,21269.57,21480.189
2022-09-06,21479.359,21625.91,21316.67,21480.609
2022-09-07,21317.881,21545.34,21283.18,21489.359
2022-09-08,21616.48,21728.24,21203.02,21678.08
2022-09-09,21764.939,22166.551,21759,22094.561
2022-09-12,22227.24,22668.16,22217.73,22610.4
2022-09-13,22698.9,22881.811,22303.859,22303.859
2022-09-14,22211.131,22501.711,22201.891,22413.461
2022-09-15,22418.211,22572.84,22280.869,22365.82
2022-09-16,22077.359,22224.34,21895.51,22110.891
2022-09-19,22039.811,22265.5,21774.119,22140.73
2022-09-20,22272.85,22367.24,21730.24,21773.75
2022-09-26,20953.65,21389.07,20953.65,21207.25
2022-09-27,21395.619,21493.119,20961.381,20961.381
2022-09-28,20767.881,20906.32,20481.73,20852.67
2022-09-29,20836.971,20847.83,20183.449,20352.98
2022-09-30,20482.1,20692.23,20415.57,20648.85
2022-10-03,20474.529,20972.57,20360.699,20972.57
2022-10-04,21268.01,21690.65,21206.83,21690.65
2022-10-05,21545.561,21620,21177.039,21360.721
2022-10-06,21462.93,21499.721,21043.439,21140.551
2022-10-07,21026.6,21255.061,20862.07,20901.561
2022-10-10,20732.07,20974.5,20717.59,20912.961
2022-10-11,20719.9,20798.561,20502.43,20730.5
2022-10-12,20704.73,20755.211,20420.83,20466.77
2022-10-13,20408.33,20825.689,20191.689,20785.82
2022-10-14,21104.9,21308.961,20901.66,20930.811
2022-10-17,20977.801,21389.58,20855.721,21319.73
2022-10-18,21514.26,21827.57,21503.34,21518.779
2022-10-19,21636.689,21656.92,21398.471,21472.109
2022-10-20,21464.58,21753.75,21397.881,21701.5
2022-10-21,21508.67,21643.43,21261.471,21567.551
2022-10-24,21756.99,22140.99,21570.5,21982.949
2022-10-25,22084.711,22289.85,21857.939,22289.85
2022-10-26,22243.9,22405.471,22130.1,22389.779
2022-10-27,22284.57,22633.891,22187.619,22590.41
2022-10-28,22384.74,22560.23,22254.881,22529.199
2022-10-31,22604.33,22725.16,22459.18,22652.109
2022-11-01,22859.529,23101.58,22730.02,22795.641
2022-11-02,22865.141,22970.359,22778.131,22802.971
2022-11-03,22564.801,22706.02,22507.35,22706.02
2022-11-04,22815.311,23392.211,22653.4,23282.461
2022-11-07,23185.82,23525.01,23158.32,23493
2022-11-08,23430.779,23731.73,23378.27,23694.17
2022-11-09,23697.119,23847.33,23626.449,23780.07
2022-11-10,23669.641,24440.109,23668.789,24394.279
2022-11-11,24539.199,24676.07,24401.689,24455.57
2022-11-14,24582.83,24725.051,24512.41,24596.689
2022-11-15,24672.73,24764.279,24498.49,24699.75
2022-11-16,24724.891,24759.24,24514.4,24531.27
2022-11-17,24626,24679.801,24184.061,24339.67
2022-11-18,24501.35,24700.211,24421.76,24675.18
2022-11-21,24509.4,24567.07,24315.471,24356.051
2022-11-22,24456.199,24656.77,24351.301,24590.5
2022-11-23,24612.91,24612.91,24398.939,24581.141
2022-11-24,24634.301,24761.27,24593.41,24730.891
2022-11-28,24556.57,24600.039,24407.48,24440.881
2022-11-29,24532.99,24562.381,24252.57,24465.949
2022-11-30,24585.4,24685,24474.551,24610.289
2022-12-01,24805.529,24857.02,24598.67,24685.67
2022-12-02,24625.369,24701.67,24414.631,24621.721
2022-12-05,24606.699,24674.02,24495.359,24547.84
2022-12-06,24511.16,24582.289,24265.449,24265.449
2022-12-07,24255.859,24428.77,24155.42,24241.35
2022-12-08,24277.6,24299.84,24103.311,24207.42
2022-12-09,24333.381,24333.381,23940.98,24277.49
2022-12-12,24173.199,24352.551,24132.58,24303.68
2022-12-13,24396,24899.199,24292.391,24636.939
2022-12-14,24588.27,24666.68,24514.09,24573.93
2022-12-15,24423.789,24480.57,23726.051,23726.051
2022-12-16,23738.67,23814.76,23505.34,23688.16
2022-12-19,23764.539,23911.84,23660.58,23683.539
2022-12-20,23411.09,23758.6,23353.17,23718.25
2022-12-21,23820,24111.971,23757.35,24111.971
2022-12-22,24126.211,24191.811,23786.289,23813.301
2022-12-23,23830.131,23938.359,23772.869,23877.551
2022-12-27,24033.41,24081.449,23807.83,23855.859
2022-12-28,23849.551,23913.471,23721.01,23770.439
2022-12-29,23688.99,24064.641,23645,24056.551
2022-12-30,23924,23956.211,23702.199,23706.961
2023-01-02,23868.5,24158.279,23861.971,24158.279
2023-01-03,24164.721,24611.641,24111.24,24436.471
2023-01-04,24532.18,24920.4,24484.289,24860.561
2023-01-05,24804.539,24939.26,24758.961,24832.699
2023-01-06,24934.01,25180.35,24821.369,25180.35
2023-01-09,25210.141,25454.859,25195.189,25385.09
2023-01-10,25291.961,25389.961,25244.141,25364.609
2023-01-11,25403.689,25603.16,25314.211,25546.859
2023-01-12,25613.23,25802.58,25558.689,25733.961
2023-01-13,25746.91,25861.15,25650.84,25783.48
2023-01-16,25874.74,25932.99,25753.439,25901.33
2023-01-17,25915.131,26072.471,25703.84,25981.189
2023-01-18,26013.91,26149.471,25950.551,26052.391
2023-01-19,25943.35,25976.051,25596.279,25596.279
2023-01-20,25766.18,25833.939,25690.15,25775.52
2023-01-23,25827.189,25897.17,25618.25,25821.449
2023-01-24,25908.74,25929.73,25735.41,25884.311
2023-01-25,25902.43,25917.32,25715.17,25875.301
2023-01-26,26012.99,26217.561,25979.561,26217.561
2023-01-27,26251.82,26473.23,26196.57,26435.75
2023-01-30,26384.84,26438.539,26274.779,26335.98
2023-01-31,26346.859,26622.961,26245.471,26599.74
2023-02-01,26708.34,26827.09,26627.1,26703.869
2023-02-02,26851.16,27132.801,26831.631,27100.619
2023-02-03,26988.75,27014.92,26703.26,26950.74
2023-02-06,26800.211,27022.33,26692.35,27022.33
2023-02-07,27105.029,27218.869,27022.461,27118.74
2023-02-08,27290.02,27377.01,27160.73,27160.73
2023-02-09,27314.561,27583.51,27311.92,27503.75
2023-02-10,27442.539,27563.34,27095.43,27268.17
2023-02-13,27348.9,27457.51,27284.6,27438.609
2023-02-14,27507.699,27680.631,27438.08,27498.26
2023-02-15,27482.699,27585.391,27425.76,27533.689
2023-02-16,27685.301,27876.221,27611.561,27853.74
2023-02-17,27690.699,27857.16,27473.73,27751.141
2023-02-20,27843.311,27851.561,27589.609,27597.01
2023-02-21,27523.971,27575.461,27156.76,27409.34
2023-02-22,27362.1,27388.74,26867.5,27101.529
2023-02-23,27180.711,27449.23,27131.5,27277.619
2023-02-24,27376.859,27413.24,26960.65,26986.35
2023-02-27,27215.07,27541.641,27202.029,27444.311
2023-02-28,27345.221,27654.75,27252.711,27478.369
2023-03-01,27560.73,27704.801,27275.43,27315.08
2023-03-02,27233.859,27426.279,27035.971,27397.6
2023-03-03,27572.07,27839.109,27560.52,27825.08
2023-03-06,27947.98,28049.84,27827.85,27949.289
2023-03-07,27888.301,28017.76,27756.641,27761.57
2023-03-08,27668.711,27922.029,27664.131,27911.52
2023-03-09,27918.57,27948.68,27559.279,27710.529
2023-03-10,27139.99,27319.711,26981.789,27281.961
2023-03-13,27201.561,27201.561,25994.811,26183.539
2023-03-14,26195.93,26844.16,26086.84,26800.98
2023-03-15,26694.859,26859.67,25513.32,25565.84
2023-03-16,25979.721,26175.461,25305.52,25918.76
2023-03-17,26144.67,26372.42,25330.391,25494.539
2023-03-20,25246.01,25999.971,24751.07,25899.57
2023-03-21,26184.5,26694.369,26169.41,26554.33
2023-03-22,26518.52,26678.4,26439.119,26523.33
2023-03-23,26457.859,26606.75,26248.24,26482.211
2023-03-24,26291.66,26310.73,25708.619,25892.18
2023-03-27,26273.57,26349.221,25997.99,26206.67
2023-03-28,26482.93,26498.58,26161,26329.461
2023-03-29,26459.84,26741.301,26419.721,26739.01
2023-03-30,26888.82,27107.789,26856.93,27021.039
2023-03-31,27023.119,27185.76,26882.631,27113.949
2023-04-03,27183.07,27314.57,27155.881,27179.369
2023-04-04,27250.27,27342.961,27013.189,27026.561
2023-04-05,27020.02,27081.801,26782.98,26867.391
2023-04-06,26956.98,27221.75,26951.939,27213.859
2023-04-11,27432.65,27525.51,27362.92,27525.51
2023-04-12,27533.43,27951.52,27518.25,27629.34
2023-04-13,27684.4,27711.32,27509.529,27626.609
2023-04-14,27742.4,27931.789,27693.58,27872.24
2023-04-17,27939.301,28109.619,27699.789,27700.211
2023-04-18,27850.73,28007.93,27732.15,27891.43
2023-04-19,27877.779,28029.16,27795.689,27933.609
2023-04-20,27922.16,27937.09,27556.789,27627.119
2023-04-21,27624.99,27757.119,27482.961,27745.811
2023-04-24,27407.699,27588.08,27375.35,27537.07
2023-04-25,27395.08,27397.359,27161.119,27253.48
2023-04-26,27101.24,27166.779,26852.189,27107.51
2023-04-27,27116.939,27227.93,27006.66,27158
2023-04-28,27251.58,27282.561,26668.16,27077.439
2023-05-02,27163.33,27343.279,26608.301,26630.09
2023-05-03,26765.42,27002.641,26756.76,26835.311
2023-05-04,26765.641,26800.301,26494.76,26670.289
2023-05-05,26867.939,27354.08,26805.4,27348.57
2023-05-08,27374.83,27473.85,27311.619,27426.23
2023-05-09,27445.15,27485.789,27205.83,27383.529
2023-05-10,27439.73,27476.449,27172.391,27264.77
2023-05-11,27315.119,27371.311,26896.4,27098.891
2023-05-12,27249.789,27436.15,27222.35,27347.32
2023-05-15,27451.051,27483.66,27172.76,27245.461
2023-05-16,27185.789,27367.67,27110.35,27198.869
2023-05-17,27063.779,27238.4,26937.77,27196.461
2023-05-18,27400.529,27587.6,27235.65,27235.65
2023-05-19,27335.75,27674.33,27310.99,27520.33
2023-05-22,27257.02,27484.859,27186.66,27310.699
2023-05-23,27251.971,27315.131,27127.02,27174.971
2023-05-24,26986.939,26989.42,26459.279,26524.539
2023-05-25,26572.73,26585.18,26286.9,26408
2023-05-26,26510.41,26767.949,26178.65,26713.4
2023-05-29,26876.18,26881.26,26502.92,26617.35
2023-05-30,26578.641,26807.449,26507.631,26575.76
2023-05-31,26394.77,26541.82,26000.471,26051.33
2023-06-01,26279.84,26582.721,26277.6,26575.689
2023-06-02,26752.17,27105.029,26634.41,27068.33
2023-06-05,27111.301,27111.301,26726.369,26856.85
2023-06-06,26789.15,27036.67,26687.119,27036.67
2023-06-07,27012.73,27055.5,26778.16,27055.5
2023-06-08,27059.289,27383.85,27004.689,27275.039
2023-06-09,27290.24,27366.359,27094,27162.02
2023-06-12,27265.93,27469.461,27232.141,27410.471
2023-06-13,27510.93,27613.01,27353.5,27566.029
2023-06-14,27578.92,27970.211,27565.66,27809.09
2023-06-15,27725.221,27786.529,27552.881,27731.779
2023-06-16,27756.961,27960.539,27693.65,27861.801
2023-06-19,27724.32,27896.279,27701.42,27754.18
2023-06-20,27656.961,27821.779,27574.279,27576.109
2023-06-21,27586.18,27731.35,27562.51,27609.369
2023-06-22,27368.039,27509.32,27082.869,27410.08
2023-06-23,27272.131,27328.41,27110.65,27209.66
2023-06-26,27229.029,27318.199,26864,27242.91
2023-06-27,27397.33,27443.41,27178.26,27401.09
2023-06-28,27557.119,27644.34,27434.77,27637.461
2023-06-29,27665.789,27964.25,27648.09,27928.439
2023-06-30,28078.551,28312.24,28048.43,28230.83
2023-07-03,28379.061,28550.301,28369.961,28446.9
2023-07-04,28502.949,28557.609,28382.57,28386.881
2023-07-05,28271.93,28405.23,28184.869,28220.18
2023-07-06,27991.311,28038.18,27419.5,27506.91
2023-07-07,27531.109,27792.42,27381.32,27778.32
2023-07-10,27714.74,27997.439,27620.119,27872
2023-07-11,27968.539,28102.91,27834.76,28061.59
2023-07-12,28184.58,28598.99,28171.189,28552.18
2023-07-13,28578.131,28875.971,28574.92,28774.77
2023-07-14,28760.789,28824.961,28625.17,28663.301
2023-07-17,28546.33,28727.67,28527.77,28608.539
2023-07-18,28610.721,28723.551,28535.02,28706.76
2023-07-19,28801.131,28896.289,28630.27,28712.311
2023-07-20,28633.68,28865.6,28630.439,28815.75
2023-07-21,28808.17,28919.539,28800.439,28855.09
2023-07-24,28688.301,28912.881,28647.68,28908.42
2023-07-25,28987.98,28988.17,28845.02,28966.41
2023-07-26,29101.02,29154.17,28778.83,28980.449
2023-07-27,29105.24,29597.811,29042.83,29597.811
2023-07-28,29551.41,29598.65,29447.801,29500.199
2023-07-31,29510.4,29712.359,29489.59,29644.711
2023-08-01,29642.17,29757.68,29272.869,29356.16
2023-08-02,29040.27,29186.85,28814.76,28974.539
2023-08-03,28823.85,28829.67,28469.811,28702.74
2023-08-04,28760.381,28792.381,28494.73,28586.369
2023-08-07,28555.75,28687,28334.1,28547.609
2023-08-08,28382.711,28444.07,27770.85,27942.25
2023-08-09,28323.801,28524.551,28217.881,28308.09
2023-08-10,28474.27,28687.109,28438.83,28575.051
2023-08-11,28442.529,28477.01,28241.631,28274.74
2023-08-14,28216.25,28504.359,28197.09,28435.49
2023-08-16,28061.211,28404.721,28034.66,28169.961
2023-08-17,28048.199,28161.949,27849.721,27879.35
2023-08-18,27779.051,27800.68,27566.16,27761.98
2023-08-21,27851,28232.75,27842.26,27986.92
2023-08-22,28141.051,28318.561,28045.859,28164.99
2023-08-23,28268.1,28381.42,28132.609,28233.801
2023-08-24,28485.141,28544.01,28072.119,28072.119
2023-08-25,28047.18,28418.77,28039.26,28208.449
2023-08-28,28431.721,28630.189,28385.461,28544.561
2023-08-29,28632.971,28894.471,28601.27,28889.76
2023-08-30,28966.631,29102.58,28849.811,28916.699
2023-08-31,28937.631,29045.57,28831.52,28831.52
2023-09-01,28814.65,28955.08,28622.439,28650.49
2023-09-04,28801.09,28895.779,28602.84,28647.33
2023-09-05,28519.18,28740.721,28443.801,28652.18
2023-09-06,28551.83,28634.18,28211.461,28211.461
2023-09-07,28102.84,28295.689,28001.76,28155.58
2023-09-08,28263.23,28306.119,27864.311,28233.199
2023-09-11,28433.1,28550.32,28353.76,28525.1
2023-09-12,28594.699,28607.9,28424.93,28584.58
2023-09-13,28498.811,28575.801,28247.42,28481.77
2023-09-14,28412.131,28918.6,28303.02,28872.73
2023-09-15,29053.52,29129.5,28845.9,28895.391
2023-09-18,28871.01,28916.301,28492.27,28585.859
2023-09-19,28527.561,28795.359,28506.359,28757.631
2023-09-20,28784.4,29275.42,28755.529,29229.301
2023-09-21,28993.83,29078.1,28646.391,28708.551
2023-09-22,28528.33,28703.32,28474.369,28575.9
2023-09-25,28518.77,28676.461,28116.43,28382.189
2023-09-26,28273.75,28289.91,27993.26,28098.881
2023-09-27,28109.34,28220.52,27931.779,28012.301
2023-09-28,28015.939,28177.539,27811.08,28163.029
2023-09-29,28307.34,28506.381,28189.68,28243.26
2023-10-02,28243.26,28301.9,27777.73,27849.65
2023-10-03,27708.08,27950.57,27443.59,27482.211
2023-10-04,27351.289,27588.6,27145.961,27435.59
2023-10-05,27515.25,27628.15,27317.891,27490.811
2023-10-06,27605.619,27839.68,27433.41,27810.609
2023-10-09,27716.1,27831.039,27467.42,27682.061
2023-10-10,27944.57,28361.5,27944.57,28318.221
2023-10-11,28163.07,28586.801,28163.07,28419.061
2023-10-12,28578.82,28753.369,28449.82,28493.35
2023-10-13,28429.59,28534.49,28209.641,28237.02
2023-10-16,28332.57,28460,28064.029,28391.6
2023-10-17,28355.49,28526.971,28139.17,28367.359
2023-10-18,28351.699,28513.83,28101.73,28135.789
2023-10-19,28018.609,28018.609,27715.561,27746.82
2023-10-20,27569.891,27635.279,27336.09,27357
2023-10-23,27450.881,27598.32,27198.811,27558.779
2023-10-24,27575,27676.27,27293.49,27572.74
2023-10-25,27491.631,27515.211,27235.789,27428.6
2023-10-26,27244.391,27585.561,27078.49,27507.9
2023-10-27,27646.391,27705.15,27228.141,27287.449
2023-10-30,27405.09,27568.891,27305.33,27339.91
2023-10-31,27421.551,27794.15,27383.85,27741.91
2023-11-01,27843.289,28079.99,27676.631,27985.439
2023-11-02,28207.32,28566.721,28180.971,28479.391
2023-11-03,28611.52,28746.279,28509.029,28674.83
2023-11-06,28792.029,28809.6,28547.801,28592.6
2023-11-07,28474.02,28689.561,28328.211,28395.9
2023-11-08,28331.91,28649.34,28191.631,28433.33
2023-11-09,28443.43,28691.789,28386.641,28644.09
2023-11-10,28562.961,28581.311,28390.369,28504.43
2023-11-13,28623.4,28928.189,28623.4,28925.26
2023-11-14,29015.131,29412.711,28976.34,29344.43
2023-11-15,29388.98,29561.301,29374.18,29466.93
2023-11-16,29452.699,29567.551,29258.1,29258.1
2023-11-17,29319.73,29540.211,29319.73,29498.43
2023-11-20,29452.02,29580.939,29422.24,29541.9
2023-11-21,29503.24,29537.449,29153.42,29153.42
2023-11-22,29241.699,29360.65,29097.92,29154.91
2023-11-23,29220.641,29273.32,29079.75,29235.711
2023-11-24,29277.4,29438.34,29191.641,29432.301
2023-11-27,29429.82,29479.619,29252.869,29342.289
2023-11-28,29315.92,29378.35,29186.789,29376.74
2023-11-29,29408.881,29729.881,29402.91,29688.449
2023-11-30,29793.41,29882.68,29645.18,29737.381
2023-12-01,29835.59,29943.939,29755.02,29928.449
2023-12-04,29919.76,29983.619,29826.33,29914.09
2023-12-05,29902.539,30089.82,29888.65,30082.881
2023-12-06,30212.02,30454.65,30139.551,30326.289
2023-12-07,30297.189,30342.98,30052.939,30121.77
2023-12-08,30149.82,30427.08,30057.59,30403.9
2023-12-11,30417.5,30469.609,30303.34,30426.58
2023-12-12,30500.939,30571.471,30341.18,30342.15
2023-12-13,30356.891,30465.859,30293.539,30295.689
2023-12-14,30595.039,30652.9,30145.65,30359.061
2023-12-15,30501.5,30593.449,30302.961,30373.891
2023-12-18,30275.061,30338.91,30196.27,30241.02
2023-12-19,30262.029,30374.84,30200.689,30363.529
2023-12-20,30452.369,30461,30204.35,30361.211
2023-12-21,30220.57,30312.6,30143.039,30274.26
2023-12-22,30268.039,30392.881,30208.85,30353.289
2023-12-27,30414.02,30515.99,30324.68,30421.51
2023-12-28,30502.211,30518.91,30331.17,30331.17
2023-12-29,30376.279,30481.25,30316,30351.619
2024-01-02,30519.551,30863.58,30326.859,30524.631
2024-01-03,30521.84,30564.359,30013.92,30100.84
2024-01-04,30173.789,30409.609,30129.01,30403.961
2024-01-05,30219.58,30520.15,30130.25,30440.949
2024-01-08,30379.85,30574.74,30200.779,30569.92
2024-01-09,30615.279,30655.199,30321.039,30408.779
2024-01-10,30475.689,30572.48,30328.68,30450.779
2024-01-11,30608.02,30724.33,30248.471,30249.16
2024-01-12,30395.061,30587.18,30370.641,30470.551
2024-01-15,30521.721,30533.32,30270.141,30327.721
2024-01-16,30146.02,30346.641,29995.57,30337.619
2024-01-17,30116.551,30173.67,29925.99,30098.859
2024-01-18,30135.471,30455.6,30069.949,30350.529
2024-01-19,30529.16,30532.801,30234.051,30283.609
2024-01-22,30396.869,30453.66,30089.68,30182.32
2024-01-23,30284.279,30293.029,29956.4,30077.461
2024-01-24,30195.289,30338.35,30131.4,30338.35
2024-01-25,30209.84,30243.01,29987.57,30157.801
2024-01-26,30200.881,30423.529,30167.34,30379.33
2024-01-29,30386.51,30404.189,30093.551,30233.609
2024-01-30,30370.59,30640.34,30233.289,30623.27
2024-01-31,30673.561,30922.01,30625.051,30744.24
2024-02-01,30643.09,30867.869,30534.311,30689.109
2024-02-02,30888.381,30913.07,30684.18,30717.949
2024-02-05,30789.369,31093.02,30771.311,30952.789
2024-02-06,31145.461,31171.039,30982.961,31116.75
2024-02-07,31172.35,31214.83,30939.07,30976.02
2024-02-08,31070.859,31179.09,30987.051,31064.15
2024-02-09,31115.07,31211.93,31054.119,31156.061
2024-02-12,31311.811,31472.58,31280.061,31456.73
2024-02-13,31473.49,31484.23,31101.869,31134.17
2024-02-14,31128.971,31375.91,31094.98,31329.381
2024-02-15,31479.891,31698.859,31479.891,31694.439
2024-02-16,31880.18,31945.34,31704.359,31732.391
2024-02-19,31663.16,31718.449,31588.551,31676.051
2024-02-20,31645.471,31774.801,31616.76,31701.48
2024-02-21,31755.6,32037.01,31749.9,32018.4
2024-02-22,32291.17,32475.119,32194.66,32356.26
2024-02-23,32428.211,32707.02,32420.801,32700.92
2024-02-26,32691.051,32711.16,32550.369,32557.811
2024-02-27,32570.07,32724.539,32505.881,32706.439
2024-02-28,32645.15,32661.07,32540,32617.961
2024-02-29,32633.32,32784.988,32579.73,32580.939
2024-03-01,32772.051,32966.93,32739.189,32934.289
2024-03-04,32903.621,32947.141,32818.449,32912.34
2024-03-05,32867.301,33184.719,32832.75,33146.16
2024-03-06,33142.879,33405.07,33136.441,33363.84
2024-03-07,33275.781,33489.73,33195.461,33418.68
2024-03-08,33462.121,33514.34,33393.109,33403.801
2024-03-11,33185.59,33326.012,33109.25,33315.07
2024-03-12,33415.199,33783.5,33341.961,33753.121
2024-03-13,33798.43,34010.172,33778.809,33885.43
2024-03-14,33948.441,34023.398,33736.762,33786.18
2024-03-15,33778.031,34041.559,33759.199,33940.031
2024-03-18,33998.672,34142.898,33858.93,33940.961
2024-03-19,33940,34266.879,33872.262,34262.359
2024-03-20,34252.328,34308.781,34189.328,34293.289
2024-03-21,34587.43,34601.609,34300.969,34327.949
2024-03-22,34205.34,34392.949,34179.84,34343.609
2024-03-25,34381.141,34661.672,34374.43,34639.41
2024-03-26,34672.352,34795.66,34653.34,34688.172
2024-03-27,34696.629,34819.16,34656.16,34759.691
2024-03-28,34803.871,34857.59,34724.379,34750.352
2024-04-02,34829.391,34907.969,34323.289,34325.23
2024-04-03,34393.711,34484.121,34282.09,34480.871
2024-04-04,34483.078,34583.969,34420.719,34454.578
2024-04-05,34052.5,34060.141,33812.102,34010.879
2024-04-08,34029.641,34317.75,34002.922,34315.961
2024-04-09,34277.809,34281.602,33869.109,33946.289
2024-04-10,34155.82,34241.68,33712.129,34039.629
2024-04-11,34028.172,34112.711,33519.32,33713.941
2024-04-12,34002.762,34129.641,33638.48,33764.148
2024-04-15,33974.539,34285.012,33890.48,33954.281
2024-04-16,33415.051,33608.672,33310.988,33393.852
2024-04-17,33428.84,33815.781,33384.23,33632.711
2024-04-18,33738.859,33891.18,33577.398,33881.5
2024-04-19,33592.34,33935.512,33460.809,33922.16
2024-04-22,33705.828,33822.73,33423.379,33724.82
2024-04-23,33874.898,34383.09,33863.219,34363.75
2024-04-24,34507.648,34544.898,34191.488,34271.121
2024-04-25,34207.852,34323.141,33736.238,33939.75
2024-04-26,34188.52,34353.051,34051.809,34249.77
2024-04-29,34397.629,34432,34181.969,34296.309
2024-04-30,34325.988,34356.191,33739.422,33746.66
2024-05-02,33760.359,33989.609,33699.461,33736.398
2024-05-03,33889.781,33928.09,33554.91,33629.211
2024-05-06,33775.148,34051.602,33688.219,33986.898
2024-05-07,34181,34394.129,34067,34242.488
2024-05-08,34284.09,34299.398,33976.801,34151.41
2024-05-09,34192.988,34343.262,33974.512,34339.32
2024-05-10,34508.02,34747.73,34482.512,34657.352
2024-05-13,34663.352,34843.199,34619.93,34815.91
2024-05-14,34810.859,35190.262,34799.57,35151.422
2024-05-15,35292.59,35374.371,35174.98,35366.199
2024-05-16,35398.172,35474.309,35314.898,35410.129
2024-05-17,35400.93,35462.43,35331.801,35398.82
2024-05-20,35038.602,35118.73,34804.078,34825.012
2024-05-21,34709.309,34719.238,34367.359,34603.609
2024-05-22,34555.012,34574.059,34402.148,34460.52
2024-05-23,34519.16,34646.84,34372.422,34467.672
2024-05-24,34238.238,34525.672,34043.25,34490.711
2024-05-27,34502.621,34761.969,34457.391,34761.969
2024-05-28,34861.371,34873.012,34534.09,34659.551
2024-05-29,34595.828,34637.09,34073.059,34150.539
2024-05-30,34015.699,34476.66,34009.691,34447.57
2024-05-31,34528.352,34552.621,34319.762,34492.41
2024-06-03,34802.75,34852.07,34615.27,34670.059
2024-06-04,34615.309,34615.309,34157.891,34276.02
2024-06-05,34433.629,34741.5,34397.461,34507.84
2024-06-06,34696.148,34861.059,34502.16,34834.301
2024-06-07,34971.02,34972.828,34461,34660.379
2024-06-10,34427.441,34542.012,34241.191,34542.012
2024-06-11,34615.539,34638.609,33722.5,33874.48
2024-06-12,34045.16,34394.512,33991.109,34358.828
2024-06-13,34310.961,34321.73,33557.809,33609.852
2024-06-14,33579.879,33593.309,32474.131,32665.211
2024-06-17,32915.941,33103.371,32590.119,32908.051
2024-06-18,33224.289,33353,33088.898,33315.68
2024-06-19,33351.871,33506.488,33214.672,33220.309
2024-06-20,33239.531,33710.68,33218.172,33675.148
2024-06-21,33475.941,33551.102,33137.57,33308.77
2024-06-24,33366.059,33863.551,33363.699,33834.91
2024-06-25,33698.809,33838.949,33631.629,33707.211
2024-06-26,33812.191,33826.879,33371.781,33541.98
2024-06-27,33561.09,33609.41,33161.672,33186.891
2024-06-28,33320.012,33376.359,33032.148,33154.051
2024-07-01,33742.531,33838.738,33524.52,33716.539
2024-07-02,33556.23,33580.922,33262.359,33481.398
2024-07-03,33674.84,33965.801,33613.77,33844.949
2024-07-04,33975.391,34131.309,33956.648,34106.012
2024-07-05,34212.27,34341.719,33806.148,33987.672
2024-07-08,33940.82,34442,33870.672,34046.539
2024-07-09,34007.559,34141.922,33791.98,33864.469
2024-07-10,33983.48,34311.199,33847.52,34306.398
2024-07-11,34425.121,34486.641,34227.828,34318.109
2024-07-12,34437.578,34630.98,34388.172,34580.52
2024-07-15,34512.02,34566.82,34330.18,34375.922
2024-07-16,34209.852,34422.18,34028.852,34369.191
2024-07-17,34332.828,34479.738,34169.91,34379.641
2024-07-18,34466.539,34775.699,34336.539,34529.129
2024-07-19,34387.309,34428.039,34179.449,34215.84
2024-07-22,34297.68,34716.5,34297.68,34615.051
2024-07-23,34698.648,34863.879,34542.25,34637.75
2024-07-24,34447.301,34557.672,34164.469,34471.648
2024-07-25,34242.922,34269.469,33501.648,33771.07
2024-07-26,33724.68,33888.82,33675.859,33812.441
2024-07-29,34023.141,34065.078,33572.93,33640.828
2024-07-30,33716.57,34051.828,33649.359,33908.02
2024-07-31,34034.18,34061.852,33674.391,33763.859
2024-08-01,33608.32,33625.672,32785.93,32857.43
2024-08-02,32213.24,32529.99,31909.49,32018.82
2024-08-05,31458.381,31475.949,30652.98,31293.52
2024-08-06,31445.721,31542.199,30868.25,31107.131
2024-08-07,31352.27,31914.27,31217.061,31831.641
2024-08-08,31554.199,31781.59,31287.68,31741.91
2024-08-09,31813.73,32059.381,31630.43,31782.23
2024-08-12,31889.15,32066.221,31810.52,31928.32
2024-08-13,32078.16,32096.42,31782.199,32006.449
2024-08-14,32187.811,32343.619,32150,32328.029
2024-08-16,32988.039,33108.531,32828.32,33040.809
2024-08-19,33052.781,33364.5,33046.949,33266.32
2024-08-20,33344.191,33461.461,33066.922,33075.621
2024-08-21,33108.422,33382.34,33106.141,33312.41
2024-08-22,33306.809,33435.602,33277.199,33310.93
2024-08-23,33429.199,33704.219,33413.91,33650.172
2024-08-26,33632.449,33703.57,33546.301,33604.801
2024-08-27,33654.371,33836.18,33630.75,33778.801
2024-08-28,33831.82,33961.852,33811.16,33880.051
2024-08-29,33907.781,34193.871,33906.84,34192.059
2024-08-30,34261.621,34446.012,34248.879,34372.672
2024-09-02,34392.75,34421.129,34169.59,34320.602
2024-09-03,34362.238,34428.57,33796.91,33863.43
2024-09-04,33387.66,33803.199,33373.77,33682.262
2024-09-05,33579.82,33841.398,33551.211,33684.801
2024-09-06,33610.891,33841.148,33243.051,33291.391
2024-09-09,33427.73,33698.72,33423.39,33590.34
2024-09-10,33547.211,33732.211,33161.34,33213.289
2024-09-11,33200.102,33414.949,32973.59,33174.422
2024-09-12,33538.359,33600.059,33171.289,33453.781
2024-09-13,33496.4,33679.87,33445.58,33568.47
2024-09-16,33422.27,33733.8,33415.53,33569.98
2024-09-17,33689.1,33931.28,33671.45,33780.28
2024-09-18,33800.78,33861.17,33607.09,33655.49
2024-09-19,33986.19,34047.7,33768.9,34044.86
2024-09-20,33906.14,33995.49,33731.91,33762.25
2024-09-23,33764.62,33790.31,33484.91,33679.8
2024-09-24,33882.81,33951.76,33762.31,33881.26
2024-09-25,33764.25,33987.58,33698.77,33840.54
2024-09-26,34084.26,34440.52,34084.26,34409.34
2024-09-27,34397.13,34737.62,34353.64,34727.4
2024-09-30,34599.89,34623.16,34085.34,34125.26
2024-10-01,34231.23,34248.62,33695.17,33771.08
2024-10-02,33728.01,33969.75,33494.21,33675.26
2024-10-03,33573.59,33635.1,33128.97,33170.03
2024-10-04,33197.99,33661.1,33197.99,33594.12
2024-10-07,33717.63,33842.27,33448.09,33814.52
2024-10-08,33650.04,33886.79,33503.2,33733.9
2024-10-09,33744.4,33933.63,33603.37,33933.03
2024-10-10,33935.25,34100.09,33900.52,34077.42
2024-10-11,34080.13,34312.1,33978.99,34308.01
2024-10-14,34419.94,34691.21,34329.45,34680.55
2024-10-15,34736.97,34880.4,34543.21,34578.45
2024-10-16,34423.55,34720.46,34408.94,34660
2024-10-17,34774.83,35148.57,34774.19,35038.73
2024-10-18,35032.96,35205.78,35005.72,35204.26
2024-10-21,35182.09,35277.61,34953.56,34955.95
2024-10-22,34936.83,34945.78,34510.87,34733.52
2024-10-23,34674.65,34827.5,34625.41,34697.23
2024-10-24,34776.7,35014.27,34698.81,34698.81
2024-10-25,34726.82,34883.91,34633.74,34776.1
2024-10-28,34959.66,35032.02,34697.82,35016.44
2024-10-29,35126.88,35245.16,34901.26,34925.59
2024-10-30,34766.84,34783.35,34359.79,34502.7
2024-10-31,34192.31,34463.91,34079.61,34281.24
2024-11-01,34314.35,34766.14,34281.69,34676.17
2024-11-04,34667.6,34818.88,34536.52,34540.73
2024-11-05,34545.9,34706.16,34343.88,34472.06
2024-11-06,34614.99,34968.58,33829.43,33940.72
2024-11-07,34095.7,34375.85,33935.11,33981.23
2024-11-08,33991.69,33995.38,33602.43,33816.58
2024-11-11,34087.37,34380.71,34034.93,34343.83
2024-11-12,34076.73,34169.01,33604.16,33607.14
2024-11-13,33575.48,33856.3,33475.16,33707.52
2024-11-14,33814.81,34364.76,33745.49,34358.16
2024-11-15,34264.71,34470.36,34145.29,34191.79
2024-11-18,33888.98,33890.26,33489.81,33758.43
2024-11-19,33787.78,33830.17,32787.77,33324.73
2024-11-20,33529.92,33544.04,33131.02,33227.7
2024-11-21,33251.82,33329.85,32859.66,33294.96
2024-11-22,33503.32,33541.37,32959.88,33494.83
2024-11-25,33665.72,33708.38,33291.16,33427.72
2024-11-26,33242.34,33389.78,32988.4,33167.64
2024-11-27,32993.44,33089.89,32709.22,33089.72
2024-11-28,33235.76,33358.02,33145.09,33260.13
2024-11-29,33155.78,33422.29,33105.83,33414.56
2024-12-02,33238.13,33598.02,33100.31,33483.17
2024-12-03,33614.24,33958.37,33608.58,33829.34
2024-12-04,33937.44,34270.87,33935.51,34083.91
2024-12-05,34121.12,34652.26,34117.03,34626.28
2024-12-06,34658.93,34886,34648.82,34749.5
2024-12-09,34955.11,34965.31,34552.82,34559.83
2024-12-10,34544.35,34621.04,34394.03,34524.7
2024-12-11,34557.84,34753.1,34537.73,34731.31
2024-12-12,34841.03,34959.21,34828.52,34857.37
2024-12-13,34906.79,35007.21,34821.23,34888.79
2024-12-16,34904.59,35004.86,34659.93,34740.25
2024-12-17,34474.13,34601.64,34237.82,34315.24
2024-12-18,34318.44,34505.14,34210.01,34400.99
2024-12-19,34026.24,34170.28,33708.16,33787
2024-12-20,33519.24,33792.62,33266.92,33766.29
2024-12-23,33648.38,33849.64,33541.4,33739.9
2024-12-27,33821.18,34160.97,33623.67,34160.97
2024-12-30,34062.02,34339.73,33966.3,34186.18
2025-01-02,34348.16,34456.18,33780.24,34374.77
2025-01-03,34372.27,34377.11,34052.29,34127.62
2025-01-06,34257.18,34781.53,34167.01,34780.81
2025-01-07,34723.86,34952.25,34356.31,34938.9
2025-01-08,34940.46,35268.26,34843.04,35108.74
2025-01-09,34960.65,35390.78,34854.63,35315.51
2025-01-10,35375.22,35433.29,35090.23,35090.23
2025-01-13,34968.71,35005.05,34619.53,34799.27
2025-01-14,35023.87,35218.82,34981.38,35124.59
2025-01-15,35232.03,35701.45,35176.7,35646.96
2025-01-16,35889.69,36011.16,35767.95,35819.79
2025-01-17,35941.39,36314.18,35929.99,36267.63
2025-01-20,36242.67,36351.15,36074.56,36143.83
2025-01-21,36082.06,36138.63,35922.44,36059.17
2025-01-22,36098.74,36222.68,35821.18,35854.07
2025-01-23,35854.09,36124.3,35789.02,36112.84
2025-01-24,36300.03,36472.55,36119.07,36200.72
2025-01-27,36109.71,36337.29,35897.88,36191.17
2025-01-28,36254.68,36500.97,36121.6,36147.06
2025-01-29,36294.88,36409.53,36162.85,36371.67
2025-01-30,36464.71,36475.47,36297.52,36429.72
2025-01-31,36552.32,36628.29,36378.17,36471.75
2025-02-03,35928.85,36303.14,35816.01,36218.98
2025-02-04,36341.51,36720.36,35914.1,36719.35
2025-02-05,36597.09,36600.48,36407.58,36581.48
2025-02-06,36709.22,37121.77,36654.79,37121.77
2025-02-07,37123.31,37181.94,36971.12,37055.7
2025-02-10,37121.5,37260.11,37076.57,37242.17
2025-02-11,37302.84,37584.85,37133.36,37582.05
2025-02-12,37738.54,37803.48,37519.16,37531.19
2025-02-13,37769.92,37908.05,37547.4,37908.05
2025-02-14,37878.93,38152.37,37835.64,37977.59
2025-02-17,37998.32,38422.78,37997.13,38327.72
2025-02-18,38466.65,38580.51,38418.34,38554.15
2025-02-19,38665.74,38882.95,38320.27,38348.16
2025-02-20,38404.65,38531.73,38179.3,38249.03
2025-02-21,38405.06,38492.26,38284.55,38421.05
2025-02-24,38432.53,38594.07,38155.46,38472.56
2025-02-25,38323.34,38909.95,38303.2,38714.52
2025-02-26,38825.64,39251.82,38798.41,39224.71
2025-02-27,39043.93,39046.02,38379.55,38622.84
2025-02-28,38415.19,38691.28,38323.82,38655.09
2025-03-03,38644.2,39247.52,38403.69,39069.4
2025-03-04,38708.36,38813.92,37558.4,37736.16
2025-03-05,38256.36,38762.14,38149.73,38519.4
2025-03-06,38817.96,38930.99,38359.48,38779.67
2025-03-07,38571.68,38802.33,38321.96,38592.81
2025-03-10,38817.35,38884.46,38085.51,38225.82
2025-03-11,38344.82,38381.13,37532.96,37698.31
2025-03-12,38011.49,38379.86,37961.27,38307.11
2025-03-13,38111.75,38385.22,37857.84,37999.73
2025-03-14,37955.01,38661.35,37783.81,38655.3
2025-03-17,38691.12,39063.41,38591.55,39022.4
2025-03-18,39183.56,39569.03,39154.14,39533.71
2025-03-19,39417.56,39752.78,39375.11,39712.66
2025-03-20,39775.46,39825.91,38946.47,39188.17
2025-03-21,38975.36,39232.29,38862.42,39035.71
2025-03-24,39261.54,39368.45,38881.06,38972.81
2025-03-25,39089.56,39498.66,39083.8,39384.95
2025-03-26,39560.84,39604.21,39025.52,39058.1
2025-03-27,38700.79,39191.36,38432.51,39098.86
2025-03-28,39031.69,39095.99,38636.18,38739.3
2025-03-31,38440.39,38440.85,37874.46,38051.99
2025-04-01,38240.4,38623.58,38154.06,38557.38
2025-04-02,38426.91,38562.68,38042.78,38454.2
2025-04-03,37640.46,37942.07,37006.92,37070.83
2025-04-04,36639.62,36762.3,34090.54,34649.22
2025-04-07,34285.71,34408.3,31945.73,32853.98
2025-04-08,33361,34068.27,32663.62,33657.05
2025-04-09,32622.58,33149.54,32182.22,32730.57
2025-04-10,32784.53,35468.93,32769.28,34277.09
2025-04-11,34613.01,34661.7,33580.8,34027.83
2025-04-14,34640.29,35115.64,34582.67,35007.14
2025-04-15,35188.55,35890.91,35188.55,35843.82
2025-04-16,35570.54,36067.57,35336.53,36067.57
2025-04-17,36046.43,36134.92,35796.07,35980.43
2025-04-22,35731.21,35947.89,35508.53,35947.89
2025-04-23,36376.05,36535.63,36219.93,36457.68
2025-04-24,36426.54,36891.4,36393.78,36808.69
2025-04-25,37060.44,37368.8,36882.03,37348.38
2025-04-28,37582.33,37718.31,37430.85,37465.52
2025-04-29,37646.74,37900.68,37574.67,37874.75
2025-04-30,38022.73,38123.7,37131.19,37604.82
2025-05-02,38063.87,38347.75,37902.31,38327.94
2025-05-05,38311.38,38503.1,38164.43,38475.55
2025-05-06,38577.2,38635.27,38095.61,38560.25
2025-05-07,38518.98,38687.84,38269.63,38319.89
2025-05-08,38479.52,38989.49,38422.69,38974.3
2025-05-09,39203.46,39481.56,39130.89,39369.99
2025-05-12,39956.65,40207.47,39634.59,39921.61
2025-05-13,39925.17,40105.95,39890.04,40077.49
2025-05-14,40097.11,40356.68,39983.8,40356.68
2025-05-15,40193.51,40418.82,40074.43,40418.82
2025-05-16,40541,40708.6,40468.75,40656.26
2025-05-19,40022.16,40168.11,39822.66,40166.77
2025-05-20,40343.8,40523.36,40155.41,40522.44
2025-05-21,40511.68,40631.05,40302.57,40551.22
2025-05-22,40365.92,40377.04,40064.38,40256.59
2025-05-23,40306.76,40359.25,38877.3,39475.36
2025-05-26,40061.83,40110.93,39806.28,39988.48
2025-05-27,40032.22,40277.52,39958.41,40124.9
2025-05-28,40205.35,40484.8,40122.07,40127.75
2025-05-29,40429.05,40444.77,39909.5,39982.97
2025-05-30,40009.55,40350.2,39994.56,40087.4
2025-06-02,39954.76,40151.97,39692.78,39984.15
2025-06-03,40093.43,40120.55,39626.72,40074.47
2025-06-04,40223.72,40238.53,39849.42,40080.88
2025-06-05,40046.31,40379.6,39979,40379.29
2025-06-06,40327.21,40650.54,40257.11,40601.94
2025-06-09,40603.54,40675.72,40374.27,40461.79
2025-06-10,40509.9,40533.6,40207.57,40207.57
2025-06-11,40260.25,40351.77,40020.34,40180.24
2025-06-12,39904.94,40077.75,39603.34,39948.39
2025-06-13,39397.1,39584.33,39199.89,39438.75
2025-06-16,39558.15,39929.83,39557.07,39929.18
2025-06-17,39668.33,39677.05,39295.87,39387.22
2025-06-18,39446.01,39546.48,39230.31,39418.61
2025-06-19,39261.5,39319.52,38940.6,38942.19
2025-06-20,39105.16,39514.43,39041.46,39231.35
2025-06-23,38915.67,39140.86,38605.47,38840.51
2025-06-24,39452.4,39526.73,39279.91,39474.46
2025-06-25,39613.08,39651.18,39237.57,39319.14
2025-06-26,39435.31,39547.39,39114.99,39351.32
2025-06-27,39586.28,39742.21,39346.31,39742.21
2025-06-30,39893.27,39895.37,39598.83,39792.22
2025-07-01,39754.14,39763.07,39480.65,39561.3
2025-07-02,39755.44,39889.81,39520.56,39785.28
2025-07-03,39860.05,39944.83,39605.13,39943.15
2025-07-04,39875.23,39936.93,39544.65,39622.11
2025-07-07,39618.2,39930.03,39580.69,39914.25
2025-07-08,40017.22,40233.41,39825.85,40182.62
2025-07-10,40951.56,40965.75,40514.09,40528.17
2025-07-11,40428.2,40490.47,39869.47,40077.88
2025-07-14,39675.27,40189.61,39649.86,40186.35
2025-07-15,40280.86,40342.83,39906.59,39921.25
2025-07-16,39815.99,40108.19,39752.68,39762.52
2025-07-17,40055.05,40130.36,39877.9,40128.7
2025-07-18,40284.13,40402.95,40239.79,40311.99
2025-07-21,40138.54,40171.94,39870.24,40166.6
2025-07-22,40080.31,40215.27,39947.11,40165.15
2025-07-23,40508.22,40991.39,40435.66,40697.49
2025-07-24,41077.74,41136.28,40441.43,40599.68
2025-07-25,40574.51,40810.17,40423.48,40726.26
2025-07-28,41097.25,41210.93,40665.36,40732.34
2025-07-29,40817.25,41373.41,40817.25,41234.31
2025-07-30,41184.42,41749.29,41132.62,41637.73
2025-07-31,41797.44,41800.86,40898.45,40987.69
2025-08-01,40682.47,40685.52,39714.43,39942.82
2025-08-04,40159.28,40760.81,40153.43,40697.38
2025-08-05,40877.46,40900.78,40536.12,40743.52
2025-08-06,40883.4,41055.53,40823.39,41009.73
2025-08-07,41120.53,41411.97,41041.99,41392.99
2025-08-08,41504.71,41897.64,41461.15,41623.86
2025-08-11,41748.77,41821.02,41526.31,41583.59
2025-08-12,41725.64,41978.36,41705.06,41935.42
2025-08-13,42013.7,42277.4,42000.2,42186.37
2025-08-14,42281.42,42687.71,42263.24,42653.97
2025-08-18,42827.26,42827.26,42496.73,42641.72
2025-08-19,42774.18,43029.3,42738.58,43021.22
2025-08-20,42901.4,42985.19,42811.26,42864.81
2025-08-21,42902.95,43069.42,42783.1,43013.44
2025-08-22,42933.57,43564.12,42928.94,43310.28
2025-08-25,43160.26,43432.16,43132.11,43227.7
2025-08-26,42944.88,42944.88,42653.42,42654.95
2025-08-27,42733.76,42810.63,42203.29,42349.41
2025-08-28,42359.82,42687.54,42293.42,42447.1
2025-08-29,42303.17,42454.31,42155.84,42196.2
2025-09-01,42378.37,42580.61,42280.97,42409.71
2025-09-02,42451.42,42501.09,41705.77,41727.58
2025-09-03,41979.17,42039.92,41690.61,41784.66
2025-09-04,41843.47,42088.99,41716.34,41989.71
2025-09-05,42157.48,42202.8,41468.18,41607.81
2025-09-08,41815.18,41879.14,41628.32,41723.69
2025-09-09,41844.23,42085.78,41751.99,42008.22
2025-09-10,42079.01,42227.98,41879.26,42059.74
2025-09-11,42118.19,42534.75,42029.82,42432.42
2025-09-12,42463.74,42567.89,42259.19,42566.41
2025-09-15,42770.87,43090.75,42745.12,43053.72
2025-09-16,43098.48,43111.43,42489.65,42504.56
2025-09-17,42586.15,42589.74,41884.94,41954.98
2025-09-18,42222.85,42315.27,42021.07,42307.81
2025-09-19,42288.82,42690.86,42265.42,42312.28
2025-09-22,42255.85,42439.25,41942.76,42423.18
2025-09-23,42566.64,42677.59,42307.14,42477.76
2025-09-24,42382.35,42531,42154.8,42423.12
2025-09-25,42375.77,42439.76,42135.4,42242.49
2025-09-26,42394.44,42721.02,42298.15,42646.23
2025-09-29,42743.12,42777.15,42497.33,42554.4
2025-09-30,42514.54,42762.5,42335.8,42725.32
2025-10-01,42686.01,43109.27,42444.35,43079.58
2025-10-02,43325.26,43370.39,43026.73,43078.13
2025-10-03,43308.59,43369.86,43175.42,43258.11
2025-10-06,43262.78,43355.6,42811,43146.13
2025-10-07,43058.12,43415.28,42967.86,43070.95
2025-10-08,43151.5,43540.41,43149.45,43484.24
2025-10-09,43450.81,43455.67,42791.6,42791.6
2025-10-10,42897.63,43051.73,42043.8,42047.5
2025-10-13,42225.73,42450.89,42012.96,42167.59
2025-10-14,41710.72,42080.19,41523.81,42075.66
2025-10-15,42344.53,42457.56,41880.69,41906.9
2025-10-16,42083.75,42375,41711.12,42374.18
2025-10-17,41681.78,42013.32,41360.08,41758.11
2025-10-20,42128.33,42496.14,42093.83,42392.36
2025-10-21,42547.04,42838.4,42499.63,42648.28
2025-10-23,42248.71,42476.45,42204.48,42381.93
2025-10-24,42569.46,42570.09,42199.11,42486.67
2025-10-27,42651.6,42975.42,42626.74,42911.57
2025-10-28,42914.15,43128.72,42796.11,43128.53
2025-10-29,43122.19,43395.26,43054.22,43242.53
2025-10-30,43263.01,43277.21,42825.72,43202.4
2025-10-31,43259.38,43493.43,43029.43,43175.32
2025-11-03,43143.45,43543.42,43109.17,43223
2025-11-04,42779.95,43262.35,42510.11,43262.35
2025-11-05,43000.16,43478.83,42940.11,43438.49
2025-11-06,43498.27,43498.27,43011.08,43068.69
2025-11-07,43259.73,43341.38,42695.29,42917.67
2025-11-10,43415,43984.77,43390.79,43895.67
2025-11-11,43928.38,44450.16,43928.38,44438.88
2025-11-12,44617.27,45071.84,44594.32,44792.64
2025-11-13,44956.09,45056.42,44755.36,44755.36
2025-11-14,44370.92,44470.03,43635.82,43994.69
2025-11-17,43997.86,44146.16,43656.24,43767.28
2025-11-18,43061.59,43178.6,42651.41,42838.64
2025-11-19,42835.26,43028.85,42450.07,42651.49
2025-11-20,43052.11,43292.25,42881.11,42917.64
2025-11-21,42294.85,42819,42251.7,42661.67
2025-11-24,42571.55,42625.48,42159.58,42298.17
2025-11-25,42352.17,42783.02,42018.31,42698.66
2025-11-26,42862.6,43155.99,42644.01,43130.32
2025-11-27,43117.39,43278.11,43065,43219.87
2025-11-28,43235.81,43393.52,43104.25,43357.01
2025-12-01,43168.13,43267.52,42857.94,43259.48
2025-12-02,43349.31,43599.31,43277.15,43354.83
2025-12-03,43442.85,43714.49,43313.9,43380.64
2025-12-04,43522.96,43547.77,43249.26,43519.07
2025-12-05,43594.21,43675.76,43422.16,43432.77
2025-12-08,43395.35,43492.63,43301.67,43432.82
2025-12-09,43560.78,43824.29,43461.9,43574.5
2025-12-10,43393.14,43495.24,43213.46,43465.34
2025-12-11,43436.68,43852.81,43309.6,43702.01
2025-12-12,43828.45,44049.63,43491.52,43513.95
2025-12-15,43754.61,44201.95,43724.6,44116.96
2025-12-16,44069.51,44366.53,43984.3,43990.48
2025-12-17,44224.08,44297.55,44069.75,44099.48
2025-12-18,44108.69,44465.65,44068.14,44463.28
2025-12-19,44412.23,44788.75,44411.75,44757.55
2025-12-22,44733.7,44797.72,44501.15,44593.6
2025-12-23,44552.08,44724.21,44456.59,44606.58
2025-12-29,44659.66,44660.11,44418.38,44436.01
2025-12-30,44431.68,45005.02,44413.16,44944.54
2026-01-02,45000.27,45404.68,44957.01,45374.03
2026-01-05,45682.8,45849.76,45547.46,45847.32
2026-01-06,45990.75,46193.75,45753.35,45753.43
2026-01-07,45778.4,45978.1,45558.68,45558.68
2026-01-08,45426.46,45715.15,45419.75,45671.7
2026-01-09,45757.04,45779.9,45577.19,45719.26
2026-01-12,45547.05,45769.89,45378.08,45732.2
2026-01-13,45759.93,45782,45479.93,45525.1
2026-01-14,45612.76,45791.31,45523.58,45647.4
2026-01-15,45751.63,45926.36,45713.9,45849.77
2026-01-16,45761.84,45822.64,45643.83,45799.69
2026-01-19,45052.48,45394.2,44944.39,45195.89
2026-01-20,44906.03,44930.57,44452.67,44713.46
2026-01-21,44611.2,44675.09,44063.48,44488.36
2026-01-22,44963.78,45187.55,44771.76,45091.23
2026-01-23,44904.78,44984.94,44626.62,44831.6
2026-01-26,44933.54,45092.64,44848.47,44950.32
2026-01-27,45146.92,45524,44990.29,45440.44
2026-01-28,45452.43,45473.06,44904.05,45138.73
2026-01-29,45374.76,45578.19,44985.18,45075.6
2026-01-30,45140.93,45583.54,45138.54,45527.42
2026-02-02,45188.43,46105.3,45104.47,46005.21
2026-02-03,46275.02,46528.48,46214.19,46420.52
2026-02-04,46557.38,47093.98,46493.64,46636.43
2026-02-05,46640.08,46776.38,45587.43,45819.57
2026-02-06,45723.9,45970.15,45420.24,45877.2
2026-02-09,46152.62,46839.02,46145.7,46822.81
2026-02-10,46906.09,46997.16,46633.42,46802.99
2026-02-11,46854.11,46858.22,46225.99,46510.83
2026-02-12,46713.22,46947.73,46117.32,46222.95
2026-02-13,46218.14,46229.08,45114.84,45430.62
2026-02-16,45487.99,45759.02,45409.88,45419.2
2026-02-17,45295.41,45799.31,45293.56,45764.07
2026-02-18,45952.34,46418.74,45952.34,46361.09
2026-02-19,46254.74,46282.17,45563.03,45794.22
2026-02-20,45900.1,46713.45,45803.22,46472.98
2026-02-23,46638.69,47103.98,46457.48,46699.29
2026-02-24,46579.64,46742.61,46383.22,46651.72
2026-02-25,46903.36,47171.41,46859.33,47170.44
2026-02-26,47095.13,47453.87,47055.03,47425.94
2026-02-27,47449.35,47650.97,47115.74,47209.89
2026-03-02,46325.09,46519.12,45970.35,46280.4
2026-03-03,45593.36,45648.41,44036.05,44468.46
2026-03-04,44446.2,45517.33,44327.5,45336.88
2026-03-05,45226.42,45656.95,44545.12,44608.55
2026-03-06,44858.21,45054.1,43670.52,44152.26
2026-03-09,42883.68,44052.75,42862.1,44024.96
2026-03-10,45038.84,45406.55,44797.2,45201.69
2026-03-11,44812.16,45121.83,44594.62,44772.96
2026-03-12,44609.14,44836.48,43987.66,44456.18
2026-03-13,44141.71,44899.86,43833.29,44316.92
2026-03-16,44287.96,44594.01,43828.65,44347.56
2026-03-17,44211.4,45128.61,44203.65,44887.54
2026-03-18,45131.95,45402.26,44517.44,44741.34
2026-03-19,44217.34,44253.13,43426.64,43701.38
2026-03-20,44077.96,44382.92,42784.94,42840.9
2026-03-23,41929.2,44008.39,41616.11,43189.8
2026-03-24,43246.79,43453.54,42785.81,43369.53
2026-03-25,43895.98,44240.97,43749.08,44013.29
2026-03-26,43737.54,43916.12,43383.06,43701.84
2026-03-27,43779.89,43881.48,43002.59,43379.1
2026-03-30,43268.48,43883.88,43188.06,43823.24
2026-03-31,43821.26,44435.8,43644.96,44309.71
2026-04-01,45230.11,45914.68,45075.77,45714.95
2026-04-02,45002.32,45703.39,44779.18,45624.94
2026-04-07,45780.56,46255.09,45215.76,45411.79
2026-04-08,45862.71,47405.47,45792.58,47091.55
2026-04-09,47030.86,47327.99,46894.61,47327.99
2026-04-10,47392.99,47770.38,47283.06,47609.36
2026-04-13,47234.12,47562.75,47080.61,47527.16
2026-04-14,47806.82,48214.82,47708.42,48175.65
2026-04-15,48207.86,48277.36,48010.4,48155.82
2026-04-16,48274.5,48454.23,47965.83,48026.94
2026-04-17,48047.69,48957.89,48036.26,48869.43
2026-04-20,48193.02,48407.63,48094.18,48207.02
2026-04-21,48342.09,48439.61,47851.24,47903.29
2026-04-22,48022.61,48098.89,47743.21,47785.46
2026-04-23,47612.7,47988.32,47503.5,47907.41
2026-04-24,47631.9,47853.73,47340.99,47656.11
2026-04-27,47682.2,48003.81,47544.91,47673.91
2026-04-28,47846.69,48326.8,47825.57,48040.24
2026-04-29,48036.31,48075.66,47685.16,47796.03
2026-04-30,47326.17,48266.79,47120.01,48246.12
2026-05-04,48405.51,48417.86,47428.76,47478.13
2026-05-05,47714.73,48598.44,47692.75,48557.5
2026-05-06,48976.16,49772.51,48953.73,49696.75
2026-05-07,49885.06,49898.95,49244.73,49291.01
2026-05-08,49040.85,49445.17,48949.09,49289.54
2026-05-11,49328.01,49664.95,49225.53,49664.95
2026-05-12,49078.33,49343.61,48913.65,48990.98
2026-05-13,49410.38,49488.41,48933.91,49480.7
2026-05-14,49789.43,50050.35,49610.45,50050.27
2026-05-15,49528.64,49619.74,48933.65,49116.47
2026-05-18,48092.5,48804.86,47988.01,48669.05
2026-05-19,48684.42,48903.92,48275.35,48354.89
2026-05-20,48299.4,49398.84,48237.4,49181.66
2026-05-21,49196.81,49383.48,48752.04,49168.7
2026-05-22,49473.59,49704.45,49292.63,49510.97
2026-05-25,49916.9,50326.88,49780.15,50220.35
2026-05-26,50179.08,50271.02,49897.22,49899.22
2026-05-27,49992.5,50127.48,49460.98,49578.67
2026-05-28,49407.41,49970.86,49399.71,49825.32
2026-05-29,49964.41,50210.82,49932.82,50036.75
2026-06-01,49998.01,50187.31,49532.35,49775.16
2026-06-02,50160.06,50581.86,50107.52,50578.54
2026-06-03,50399.09,50527.39,50038.16,50038.16
2026-06-04,49976.09,50242.44,49759.06,50174.36
2026-06-05,50251.21,50319.55,49868.02,49893.05
2026-06-08,49409.71,50308.45,49342.44,50208.13
2026-06-09,50283.11,51240.25,50253.41,50262.76
2026-06-10,50518.67,50756.74,49796.77,50029.17
2026-06-11,50224.92,50816.83,50164.37,50504.74
2026-06-12,51125.39,51645.87,51057.32,51497.21
2026-06-15,52219.36,52342.12,51718.41,51835.95
2026-06-16,52013.51,52530.55,52011.9,52432.56
2026-06-17,52363.22,52600.32,52232.56,52595.23
2026-06-18,52674.63,52836.94,52331.53,52688.22
2026-06-19,52711.33,53188.37,52695.16,52848.93
2026-06-22,52856.68,52877.32,52472.76,52796.78
2026-06-23,52315.79,52483.73,51869.14,52024.41
2026-06-24,52017.95,52062.39,51484.78,51638.94
2026-06-25,51766.54,51964.79,51546.09,51782.91
2026-06-26,51516.12,51536.56,50943.84,51265.35
2026-06-29,51287.35,51537.07,50997.46,51163.2
2026-06-30,51373.75,51746.09,51243.08,51682.43
2026-07-01,51543.93,51701.65,51321.82,51604.56
2026-07-02,51558.23,52716.4,51557.9,52428.18
2026-07-03,52614.5,52845.88,52477.1,52818.85
2026-07-06,52952.24,53158.69,52747.95,52959.14
2026-07-07,52910.22,53220.97,52445.6,52455.44
2026-07-08,52308.77,52309.14,51483.07,51817.25
2026-07-09,52169.06,52393.4,52098.61,52381.92
2026-07-10,52432.69,52818.35,52399.32,52614.17
2026-07-13,52455.54,52880.21,52430.03,52809.35
2026-07-14,52467.73,53006.04,52318.52,52862.5
2026-07-15,52742.73,52758.05,52384.22,52411.25
2026-07-16,52457.81,52480.53,51886.18,52373.96
2026-07-17,51947.06,52136.19,51554.13,51882.28
2026-07-20,51789.47,52157.37,51672.33,51862.79
2026-07-21,52052.73,52295.79,51963.24,52285.09
2026-07-22,52101.89,52887.64,52101.89,52792.04
2026-07-23,52681.64,52685.4,51244.22,51315.84
2026-07-24,51277.25,51802.23,51276.94,51802.23
2026-07-27,52147.38,52254.25,51861.79,52054.95
2026-07-28,52212.93,52260.7,51503.15,51698.19
2026-07-29,51978.98,52145.95,51387.96,51443.11
2026-07-30,51217.54,52104.71,51182.43,52104.38
2026-07-31,52347.37,52655.84,51940.82,52172.53
2026-08-03,52512.49,52888.77,52417.76,52871.72
2026-08-04,53095.1,53612.6,53095.1,53540.5
2026-08-05,53819.72,53870.45,53351.45,53446.8
2026-08-06,53676.22,54024.32,53602.82,53682.72
2026-08-07,53806.44,54041.8,53551.1,53717.19
