time,open,high,low,close,New Moon,Full Moon,New Moon,First Moon,Waning,Full Moon,1/8,3/8,5/8,7/8,Spring,Summer,Fall,midwinter,New Moon,Full Moon,New Moon,Full Moon,Year Break,Quarter Break,Month Break,Week Break,Day Break,Basis,Upper,Lower
2025-05-12,39956.65,40207.47,39634.59,39921.61,,,,,,38797.10999999999,,,,,0,0,0,0,,,,,,,,,,37133.05700000002,40363.70833918718,33902.40566081287
2025-05-13,39925.17,40105.95,39890.04,40077.49,,40105.95,,,,,,,,,0,0,0,0,,40105.95,,,,,,,,37423.077000000034,40617.335804647606,34228.81819535246
2025-05-14,40097.11,40356.68,39983.8,40356.68,,,,,,,,,,,0,0,0,0,,,,,,,,,,37739.51950000003,40775.70308502315,34703.33591497691
2025-05-15,40193.51,40418.82,40074.43,40418.82,,,,,,,,,,,0,0,0,0,,,,,,,,,,38010.10350000003,40988.038799028014,35032.16820097204
2025-05-16,40541,40708.6,40468.75,40656.26,,,,,,,,,,,0,0,0,0,,,,,,,,,,38250.72550000003,41267.0767497196,35234.37425028046
2025-05-19,40022.16,40168.11,39822.66,40166.77,,,,,,,,,,,0,0,0,0,,,,,,,,,,38455.68550000003,41407.18548696346,35504.185513036595
2025-05-20,40343.8,40523.36,40155.41,40522.44,,,,,39787.46000000001,,,,,,0,0,0,0,,,,,,,,,,38682.78600000003,41534.797658328556,35830.7743416715
2025-05-21,40511.68,40631.05,40302.57,40551.22,,,,,,,,,,,0,0,0,0,,,,,,,,,,38912.95250000003,41582.098791356075,36243.80620864398
2025-05-22,40365.92,40377.04,40064.38,40256.59,,,,,,,,,,,0,0,0,0,,,,,,,,,,39102.89800000003,41579.8769036662,36625.91909633386
2025-05-23,40306.76,40359.25,38877.3,39475.36,,,,,,,,,,,0,0,0,0,,,,,,,,,,39236.23150000003,41481.08800302074,36991.37499697932
2025-05-26,40061.83,40110.93,39806.28,39988.48,,,,,,,,,,,0,0,0,0,,,,,,,,,,39368.23650000003,41458.704950609994,37277.76804939006
2025-05-27,40032.22,40277.52,39958.41,40124.9,39958.41,,40596.62999999999,,,,,,,,0,0,0,0,39958.41,,,,,,,,,39501.205500000025,41422.084787650674,37580.32621234938
2025-05-28,40205.35,40484.8,40122.07,40127.75,,,,,,,,,,,0,0,0,0,,,,,,,,,,39613.85550000003,41399.48067094866,37828.230329051396
2025-05-29,40429.05,40444.77,39909.5,39982.97,,,,,,,,,,,0,0,0,0,,,,,,,,,,39732.76300000002,41266.355400761175,38199.17059923887
2025-05-30,40009.55,40350.2,39994.56,40087.4,,,,,,,,,,,0,0,0,0,,,,,,,,,,39820.73600000002,41217.65997962277,38423.81202037727
2025-06-02,39954.76,40151.97,39692.78,39984.15,,,,,,,,,,,0,0,0,0,,,,,,,1,,,39896.16600000003,41149.98959899714,38642.34240100291
2025-06-03,40093.43,40120.55,39626.72,40074.47,,,,,,,,,,,0,0,0,0,,,,,,,,,,39971.87700000002,41066.66882806208,38877.085171937964
2025-06-04,40223.72,40238.53,39849.42,40080.88,,,,40627.64,,,,,,,0,0,0,0,,,,,,,,,,40059.92650000002,40849.94068351771,39269.91231648234
2025-06-05,40046.31,40379.6,39979,40379.29,,,,,,,,,,,0,0,0,0,,,,,,,,,,40130.17600000002,40753.92600655992,39506.42599344012
2025-06-06,40327.21,40650.54,40257.11,40601.94,,,,,,,,,,,0,0,0,0,,,,,,,,,,40191.773500000025,40742.06684547859,39641.48015452146
2025-06-09,40603.54,40675.72,40374.27,40461.79,,,,,,,,,,,0,0,0,0,,,,,,,,,,40218.78250000002,40766.403665097816,39671.16133490223
2025-06-10,40509.9,40533.6,40207.57,40207.57,,,,,,39881.54,,,,,0,0,0,0,,,,,,,,,,40225.286500000024,40769.11750529412,39681.45549470593
2025-06-11,40260.25,40351.77,40020.34,40180.24,,40351.77,,,,,,,,,0,0,0,0,,40351.77,,,,,,,,40216.46450000002,40757.19903620956,39675.72996379047
2025-06-12,39904.94,40077.75,39603.34,39948.39,,,,,,,,,,,0,0,0,0,,,,,,,,,,40192.94300000002,40737.336270194304,39648.54972980574
2025-06-13,39397.1,39584.33,39199.89,39438.75,,,,,,,,,,,0,0,0,0,,,,,,,,,,40132.06750000002,40725.67478969974,39538.4602103003
2025-06-16,39558.15,39929.83,39557.07,39929.18,,,,,,,,,,,0,0,0,0,,,,,,,,,,40120.188000000024,40720.01875874097,39520.35724125908
2025-06-17,39668.33,39677.05,39295.87,39387.22,,,,,,,,,,,0,0,0,0,,,,,,,,,,40063.42700000002,40713.03979094045,39413.81420905959
2025-06-18,39446.01,39546.48,39230.31,39418.61,,,,,,,,,,,0,0,0,0,,,,,,,,,,40006.79650000002,40673.68338288206,39339.90961711798
2025-06-19,39261.5,39319.52,38940.6,38942.19,,,,,38462.59,,,,,,0,0,0,0,,,,,,,,,,39941.076500000025,40742.11312987334,39140.03987012671
2025-06-20,39105.16,39514.43,39041.46,39231.35,,,,,,,,,,,0,0,0,0,,,,,,,,,,39928.876000000026,40764.59619413421,39093.15580586584
2025-06-23,38915.67,39140.86,38605.47,38840.51,,,,,,,,,,,0,0,0,0,,,,,,,,,,39871.47750000002,40831.398056245824,38911.55694375422
2025-06-24,39452.4,39526.73,39279.91,39474.46,,,,,,,,,,,0,0,0,0,,,,,,,,,,39838.955500000025,40806.373061721235,38871.537938278816
2025-06-25,39613.08,39651.18,39237.57,39319.14,,,40064.79,,,,,,,,0,0,0,0,,,,,,,,,,39798.52500000002,40781.74390521307,38815.306094786974
2025-06-26,39435.31,39547.39,39114.99,39351.32,39114.99,,,,,,,,,,0,0,0,0,39114.99,,,,,,,,,39766.94250000002,40764.90245367764,38768.9825463224
2025-06-27,39586.28,39742.21,39346.31,39742.21,,,,,,,,,,,0,0,0,0,,,,,,,,,,39749.68300000003,40736.75758949751,38762.608410502544
2025-06-30,39893.27,39895.37,39598.83,39792.22,,,,,,,,,,,0,0,0,0,,,,,,,,,,39740.08650000003,40721.57251540581,38758.600484594244
2025-07-01,39754.14,39763.07,39480.65,39561.3,,,,,,,,,,,0,0,0,0,,,,,,1,1,,,39714.42800000003,40686.39087040675,38742.46512959331
2025-07-02,39755.44,39889.81,39520.56,39785.28,,,,,,,,,,,0,0,0,0,,,,,,,,,,39699.64800000003,40657.763136801885,38741.532863198176
2025-07-03,39860.05,39944.83,39605.13,39943.15,,,,,,,,,,,0,0,0,0,,,,,,,,,,39677.84100000003,40591.929852104455,38763.752147895604
2025-07-04,39875.23,39936.93,39544.65,39622.11,,,,40335.43,,,,,,,0,0,0,0,,,,,,,,,,39628.849500000026,40438.65636448401,38819.04263551604
2025-07-07,39618.2,39930.03,39580.69,39914.25,,,,,,,,,,,0,0,0,0,,,,,,,,,,39601.472500000025,40329.70451730033,38873.24048269972
2025-07-08,40017.22,40233.41,39825.85,40182.62,,,,,,,,,,,0,0,0,0,,,,,,,,,,39600.22500000003,40324.37366805486,38876.076331945194
2025-07-10,40951.56,40965.75,40514.09,40528.17,,,,,,39730.96,,,,,0,0,0,0,,,,,,,,,,39617.62150000002,40410.1577106294,38825.08528937065
2025-07-11,40428.2,40490.47,39869.47,40077.88,,40490.47,,,,,,,,,0,0,0,0,,40490.47,,,,,,,,39624.096000000034,40429.348746533564,38818.843253466504
2025-07-14,39675.27,40189.61,39649.86,40186.35,,,,,,,,,,,0,0,0,0,,,,,,,,,,39661.47600000003,40497.65672948402,38825.29527051604
2025-07-15,40280.86,40342.83,39906.59,39921.25,,,,,,,,,,,0,0,0,0,,,,,,,,,,39661.07950000003,40496.759464702765,38825.39953529729
2025-07-16,39815.99,40108.19,39752.68,39762.52,,,,,,,,,,,0,0,0,0,,,,,,,,,,39679.84450000002,40506.89391349868,38852.79508650136
2025-07-17,40055.05,40130.36,39877.9,40128.7,,,,,,,,,,,0,0,0,0,,,,,,,,,,39715.34900000003,40555.35734130508,38875.34065869498
2025-07-18,40284.13,40402.95,40239.79,40311.99,,,,,39965.54,,,,,,0,0,0,0,,,,,,,,,,39783.83900000002,40582.895707489675,38984.78229251037
2025-07-21,40138.54,40171.94,39870.24,40166.6,,,,,,,,,,,0,0,0,0,,,,,,,,,,39830.60150000003,40603.904205126084,39057.29879487398
2025-07-22,40080.31,40215.27,39947.11,40165.15,,,,,,,,,,,0,0,0,0,,,,,,,,,,39896.83350000003,40534.62552453257,39259.04147546749
2025-07-23,40508.22,40991.39,40435.66,40697.49,,,,,,,,,,,0,0,0,0,,,,,,,,,,39957.98500000003,40653.93825579169,39262.03174420837
2025-07-24,41077.74,41136.28,40441.43,40599.68,,,,,,,,,,,0,0,0,0,,,,,,,,,,40022.01200000003,40706.61627630134,39337.40772369872
2025-07-25,40574.51,40810.17,40423.48,40726.26,40423.48,,41196.85999999999,,,,,,,,0,0,0,0,40423.48,,,,,,,,,40090.759000000035,40768.25875086436,39413.259249135706
2025-07-28,41097.25,41210.93,40665.36,40732.34,,,,,,,,,,,0,0,0,0,,,,,,,,,,40140.26550000004,40852.46652013634,39428.06447986374
2025-07-29,40817.25,41373.41,40817.25,41234.31,,,,,,,,,,,0,0,0,0,,,,,,,,,,40212.37000000004,41049.98184147732,39374.75815852276
2025-07-30,41184.42,41749.29,41132.62,41637.73,,,,,,,,,,,0,0,0,0,,,,,,,,,,40316.19150000004,41306.156033948,39326.226966052076
2025-07-31,41797.44,41800.86,40898.45,40987.69,,,,,,,,,,,0,0,0,0,,,,,,,,,,40376.312000000034,41376.002213680644,39376.621786319425
2025-08-01,40682.47,40685.52,39714.43,39942.82,,,,,,,,,,,0,0,0,0,,,,,,,1,,,40376.29550000004,41376.01432117131,39376.576678828766
2025-08-04,40159.28,40760.81,40153.43,40697.38,,,,41578.799999999996,,,,,,,0,0,0,0,,,,,,,,,,40430.05900000004,41375.96362691547,39484.1543730846
2025-08-05,40877.46,40900.78,40536.12,40743.52,,,,,,,,,,,0,0,0,0,,,,,,,,,,40471.522500000036,41395.80516818105,39547.239831819024
2025-08-06,40883.4,41055.53,40823.39,41009.73,,,,,,,,,,,0,0,0,0,,,,,,,,,,40512.87800000004,41455.5857346064,39570.17026539368
2025-08-07,41120.53,41411.97,41041.99,41392.99,,,,,,,,,,,0,0,0,0,,,,,,,,,,40556.11900000004,41574.00474703609,39538.233252964
2025-08-08,41504.71,41897.64,41461.15,41623.86,,,,,,40956.5,,,,,0,0,0,0,,,,,,,,,,40633.41800000005,41726.33268688324,39540.50331311686
2025-08-11,41748.77,41821.02,41526.31,41583.59,,41821.02,,,,,,,,,0,0,0,0,,41821.02,,,,,,,,40703.28000000004,41850.246051469025,39556.31394853106
2025-08-12,41725.64,41978.36,41705.06,41935.42,,,,,,,,,,,0,0,0,0,,,,,,,,,,40803.98850000004,42010.75356705886,39597.223432941224
2025-08-13,42013.7,42277.4,42000.2,42186.37,,,,,,,,,,,0,0,0,0,,,,,,,,,,40925.18100000005,42175.29932794246,39675.06267205763
2025-08-14,42281.42,42687.71,42263.24,42653.97,,,,,,,,,,,0,0,0,0,,,,,,,,,,41051.44450000004,42454.9728512501,39647.91614874998
2025-08-18,42827.26,42827.26,42496.73,42641.72,,,,,42166.200000000004,,,,,,0,0,0,0,,,,,,,,,,41167.93100000004,42688.47434226303,39647.387657737054
2025-08-19,42774.18,43029.3,42738.58,43021.22,,,,,,,,,,,0,0,0,0,,,,,,,,,,41310.66200000004,42958.98441125613,39662.33958874395
2025-08-20,42901.4,42985.19,42811.26,42864.81,,,,,,,,,,,0,0,0,0,,,,,,,,,,41445.64500000004,43138.1936058146,39753.09639418548
2025-08-21,42902.95,43069.42,42783.1,43013.44,,,,,,,,,,,0,0,0,0,,,,,,,,,,41561.44250000004,43347.70496409066,39775.18003590942
2025-08-22,42933.57,43564.12,42928.94,43310.28,,,,,,,,,,,0,0,0,0,,,,,,,,,,41696.97250000004,43579.510458719706,39814.434541280374
2025-08-25,43160.26,43432.16,43132.11,43227.7,43132.11,,43732.21000000001,,,,,,,,0,0,0,0,43132.11,,,,,,,,,41822.04450000003,43761.51502816162,39882.57397183844
2025-08-26,42944.88,42944.88,42653.42,42654.95,,,,,,,,,,,0,0,0,0,,,,,,,,,,41918.17500000003,43822.33801098635,40014.011989013714
2025-08-27,42733.76,42810.63,42203.29,42349.41,,,,,,,,,,,0,0,0,0,,,,,,,,,,41973.93000000004,43859.947165803496,40087.91283419658
2025-08-28,42359.82,42687.54,42293.42,42447.1,,,,,,,,,,,0,0,0,0,,,,,,,,,,42014.39850000004,43904.55241794326,40124.24458205682
2025-08-29,42303.17,42454.31,42155.84,42196.2,,,,,,,,,,,0,0,0,0,,,,,,,,,,42074.82400000004,43906.179005891114,40243.46899410896
2025-09-01,42378.37,42580.61,42280.97,42409.71,,,,42965.020000000004,,,,,,,0,0,0,0,,,,,,,1,,,42198.16850000004,43749.40903914081,40646.92796085928
2025-09-02,42451.42,42501.09,41705.77,41727.58,,,,,,,,,,,0,0,0,0,,,,,,,,,,42249.67850000004,43660.19314820327,40839.16385179681
2025-09-03,41979.17,42039.92,41690.61,41784.66,,,,,,,,,,,0,0,0,0,,,,,,,,,,42301.73550000004,43554.03642367777,41049.43457632231
2025-09-04,41843.47,42088.99,41716.34,41989.71,,,,,,,,,,,0,0,0,0,,,,,,,,,,42350.734500000035,43466.2031618483,41235.26583815177
2025-09-05,42157.48,42202.8,41468.18,41607.81,,,,,,,,,,,0,0,0,0,,,,,,,,,,42361.475500000044,43443.48350196827,41279.467498031816
2025-09-08,41815.18,41879.14,41628.32,41723.69,,41879.14,,,,41356.99,,,,,0,0,0,0,,41879.14,,,,,,,,42366.46700000005,43435.66314648898,41297.270853511116
2025-09-09,41844.23,42085.78,41751.99,42008.22,,,,,,,,,,,0,0,0,0,,,,,,,,,,42387.69850000004,43409.689789823504,41365.70721017658
2025-09-10,42079.01,42227.98,41879.26,42059.74,,,,,,,,,,,0,0,0,0,,,,,,,,,,42393.91450000004,43406.29379111701,41381.53520888308
2025-09-11,42118.19,42534.75,42029.82,42432.42,,,,,,,,,,,0,0,0,0,,,,,,,,,,42406.21700000005,43414.17930776082,41398.25469223927
2025-09-12,42463.74,42567.89,42259.19,42566.41,,,,,,,,,,,0,0,0,0,,,,,,,,,,42401.83900000005,43406.21313147548,41397.46486852462
2025-09-15,42770.87,43090.75,42745.12,43053.72,,,,,42220.780000000006,,,,,,0,0,0,0,,,,,,,,,,42422.43900000005,43461.934620374326,41382.94337962577
2025-09-16,43098.48,43111.43,42489.65,42504.56,,,,,,,,,,,0,0,0,0,,,,,,,,,,42396.60600000004,43400.36035429128,41392.851645708804
2025-09-17,42586.15,42589.74,41884.94,41954.98,,,,,,,,,,,0,0,0,0,,,,,,,,,,42351.11450000004,43348.3148836359,41353.914116364176
2025-09-18,42222.85,42315.27,42021.07,42307.81,,,,,,,,,,,0,0,0,0,,,,,,,,,,42315.83300000004,43265.60639955734,41366.05960044274
2025-09-19,42288.82,42690.86,42265.42,42312.28,,,,,,,,,,,0,0,0,0,,,,,,,,,,42265.93300000004,43099.19588055314,41432.67011944694
2025-09-22,42255.85,42439.25,41942.76,42423.18,41942.76,,42935.74,,,,,,,,0,0,1,0,41942.76,,,,,,,,,42225.70700000004,42938.308343773686,41513.10565622639
2025-09-23,42566.64,42677.59,42307.14,42477.76,,,,,,,,,,,0,0,0,0,,,,,,,,,,42216.84750000004,42912.076199449446,41521.618800550634
2025-09-24,42382.35,42531,42154.8,42423.12,,,,,,,,,,,0,0,0,0,,,,,,,,,,42220.53300000004,42919.3060092582,41521.75999074188
2025-09-25,42375.77,42439.76,42135.4,42242.49,,,,,,,,,,,0,0,0,0,,,,,,,,,,42210.302500000034,42901.45730669729,41519.14769330278
2025-09-26,42394.44,42721.02,42298.15,42646.23,,,,,,,,,,,0,0,0,0,,,,,,,,,,42232.80400000004,42949.48836411043,41516.11963588965
2025-09-29,42743.12,42777.15,42497.33,42554.4,,,,,,,,,,,0,0,0,0,,,,,,,,,,42240.03850000004,42966.57327320382,41513.503726796254
2025-09-30,42514.54,42762.5,42335.8,42725.32,,,,43189.2,,,,,,,0,0,0,0,,,,,,,,,,42289.925500000034,43005.79895921171,41574.05204078836
2025-10-01,42686.01,43109.27,42444.35,43079.58,,,,,,,,,,,0,0,0,0,,,,,,1,1,,,42354.67150000004,43109.23020037695,41600.11279962313
2025-10-02,43325.26,43370.39,43026.73,43078.13,,,,,,,,,,,0,0,0,0,,,,,,,,,,42409.09250000004,43206.30722157565,41611.87777842444
2025-10-03,43308.59,43369.86,43175.42,43258.11,,,,,,,,,,,0,0,0,0,,,,,,,,,,42491.607500000035,43281.58966783706,41701.62533216301
2025-10-06,43262.78,43355.6,42811,43146.13,,,,,,,,,,,0,0,0,0,,,,,,,,,,42562.72950000004,43318.757907670115,41806.70109232996
2025-10-07,43058.12,43415.28,42967.86,43070.95,,43415.28,,,,42520.44,,,,,0,0,0,0,,43415.28,,,,,,,,42615.86600000004,43357.78679151372,41873.94520848636
2025-10-08,43151.5,43540.41,43149.45,43484.24,,,,,,,,,,,0,0,0,0,,,,,,,,,,42687.09100000003,43473.92892078286,41900.2530792172
2025-10-09,43450.81,43455.67,42791.6,42791.6,,,,,,,,,,,0,0,0,0,,,,,,,,,,42705.05000000003,43484.1756467516,41925.92435324846
2025-10-10,42897.63,43051.73,42043.8,42047.5,,,,,,,,,,,0,0,0,0,,,,,,,,,,42679.10450000003,43507.94362077438,41850.26537922568
2025-10-13,42225.73,42450.89,42012.96,42167.59,,,,,,,,,,,0,0,0,0,,,,,,,,,,42634.79800000003,43473.47796669158,41796.118033308485
2025-10-14,41710.72,42080.19,41523.81,42075.66,,,,,,,,,,,0,0,0,0,,,,,,,,,,42613.35300000003,43485.52225404956,41741.183745950504
2025-10-15,42344.53,42457.56,41880.69,41906.9,,,,,41303.82000000001,,,,,,0,0,0,0,,,,,,,,,,42610.94900000004,43490.59680319169,41731.30119680838
2025-10-16,42083.75,42375,41711.12,42374.18,,,,,,,,,,,0,0,0,0,,,,,,,,,,42614.26750000003,43489.80703029033,41738.72796970973
2025-10-17,41681.78,42013.32,41360.08,41758.11,,,,,,,,,,,0,0,0,0,,,,,,,,,,42586.55900000003,43530.94253868688,41642.17546131318
2025-10-20,42128.33,42496.14,42093.83,42392.36,,,,,,,,,,,0,0,0,0,,,,,,,,,,42585.018000000025,43530.56275315126,41639.47324684879
2025-10-21,42547.04,42838.4,42499.63,42648.28,,,43284.44,,,,,,,,0,0,0,0,,,,,,,,,,42593.54400000003,43538.14109396225,41648.94690603781
2025-10-23,42248.71,42476.45,42204.48,42381.93,42204.48,,,,,,,,,,0,0,0,0,42204.48,,,,,,,,,42591.484500000035,43537.73707347244,41645.23192652763
2025-10-24,42569.46,42570.09,42199.11,42486.67,,,,,,,,,,,0,0,0,0,,,,,,,,,,42603.69350000004,43537.8431013785,41669.543898621574
2025-10-27,42651.6,42975.42,42626.74,42911.57,,,,,,,,,,,0,0,0,0,,,,,,,,,,42616.96050000003,43560.637956382525,41673.283043617535
2025-10-28,42914.15,43128.72,42796.11,43128.53,,,,,,,,,,,0,0,0,0,,,,,,,,,,42645.66700000003,43614.57813965668,41676.75586034338
2025-10-29,43122.19,43395.26,43054.22,43242.53,,,,,,,,,,,0,0,0,0,,,,,,,,,,42671.52750000003,43674.56982352361,41668.48517647645
2025-10-30,43263.01,43277.21,42825.72,43202.4,,,,43728.7,,,,,,,0,0,0,0,,,,,,,,,,42677.66850000003,43692.06822838926,41663.2687716108
2025-10-31,43259.38,43493.43,43029.43,43175.32,,,,,,,,,,,0,0,0,0,,,,,,,,,,42682.528000000035,43705.45022113328,41659.60577886679
2025-11-03,43143.45,43543.42,43109.17,43223,,,,,,,,,,,0,0,0,0,,,,,,,1,,,42680.77250000003,43699.85081503804,41661.69418496202
2025-11-04,42779.95,43262.35,42510.11,43262.35,,,,,,,,,,,0,0,0,0,,,,,,,,,,42686.58350000003,43717.46685830783,41655.70014169223
2025-11-05,43000.16,43478.83,42940.11,43438.49,,,,,,42401.39,,,,,0,0,0,0,,,,,,,,,,42704.96050000003,43774.95806897092,41634.96293102914
2025-11-06,43498.27,43498.27,43011.08,43068.69,,43498.27,,,,,,,,,0,0,0,0,,43498.27,,,,,,,,42684.183000000034,43707.985960333644,41660.38003966642
2025-11-07,43259.73,43341.38,42695.29,42917.67,,,,,,,,,,,0,0,0,0,,,,,,,,,,42690.48650000003,43718.401437432614,41662.57156256744
2025-11-10,43415,43984.77,43390.79,43895.67,,,,,,,,,,,0,0,0,0,,,,,,,,,,42782.89500000003,43892.065375102204,41673.72462489786
2025-11-11,43928.38,44450.16,43928.38,44438.88,,,,,,,,,,,0,0,0,0,,,,,,,,,,42896.459500000026,44181.530919729434,41611.38808027062
2025-11-12,44617.27,45071.84,44594.32,44792.64,,,,,,,,,,,0,0,0,0,,,,,,,,,,43032.30850000003,44502.664404016825,41561.95259598323
2025-11-13,44956.09,45056.42,44755.36,44755.36,,,,,,,,,,,0,0,0,0,,,,,,,,,,43174.73150000003,44730.778310579924,41618.68468942014
2025-11-14,44370.92,44470.03,43635.82,43994.69,,,,,42516.28,,,,,,0,0,0,0,,,,,,,,,,43255.75700000003,44805.37340338158,41706.140596618476
2025-11-17,43997.86,44146.16,43656.24,43767.28,,,,,,,,,,,0,0,0,0,,,,,,,,,,43356.21550000003,44757.88778884829,41954.543211151766
2025-11-18,43061.59,43178.6,42651.41,42838.64,,,,,,,,,,,0,0,0,0,,,,,,,,,,43378.529500000026,44731.477001422594,42025.58199857746
2025-11-19,42835.26,43028.85,42450.07,42651.49,,,,,,,,,,,0,0,0,0,,,,,,,,,,43378.690000000024,44731.29166310211,42026.08833689794
2025-11-20,43052.11,43292.25,42881.11,42917.64,42881.11,,43933.01,,,,,,,,0,0,0,0,42881.11,,,,,,,,,43405.47550000002,44697.941641903286,42113.00935809676
2025-11-21,42294.85,42819,42251.7,42661.67,,,,,,,,,,,0,0,0,0,,,,,,,,,,43414.22550000002,44683.859735898346,42144.5912641017
2025-11-24,42571.55,42625.48,42159.58,42298.17,,,,,,,,,,,0,0,0,0,,,,,,,,,,43383.555500000024,44727.72511833094,42039.385881669106
2025-11-25,42352.17,42783.02,42018.31,42698.66,,,,,,,,,,,0,0,0,0,,,,,,,,,,43362.06200000002,44735.28916574209,41988.83483425795
2025-11-26,42862.6,43155.99,42644.01,43130.32,,,,,,,,,,,0,0,0,0,,,,,,,,,,43356.451500000025,44732.50027420691,41980.40272579314
2025-11-27,43117.39,43278.11,43065,43219.87,,,,,,,,,,,0,0,0,0,,,,,,,,,,43357.325000000026,44733.003634451066,41981.646365548986
2025-11-28,43235.81,43393.52,43104.25,43357.01,,,,43682.78999999999,,,,,,,0,0,0,0,,,,,,,,,,43366.40950000002,44739.557870921235,41993.26112907881
2025-12-01,43168.13,43267.52,42857.94,43259.48,,,,,,,,,,,0,0,0,0,,,,,,,1,,,43368.23350000002,44740.71179393342,41995.75520606661
2025-12-02,43349.31,43599.31,43277.15,43354.83,,,,,,,,,,,0,0,0,0,,,,,,,,,,43372.85750000002,44744.50060571759,42001.21439428245
2025-12-03,43442.85,43714.49,43313.9,43380.64,,,,,,,,,,,0,0,0,0,,,,,,,,,,43369.96500000001,44741.28623577601,41998.64376422401
2025-12-04,43522.96,43547.77,43249.26,43519.07,,,,,,,,,,,0,0,0,0,,,,,,,,,,43392.48400000001,44758.05591144432,42026.912088555706
2025-12-05,43594.21,43675.76,43422.16,43432.77,,43675.76,,,,43168.560000000005,,,,,0,0,0,0,,43675.76,,,,,,,,43418.239000000016,44766.33702709735,42070.140972902685
2025-12-08,43395.35,43492.63,43301.67,43432.82,,,,,,,,,,,0,0,0,0,,,,,,,,,,43395.096500000014,44725.38986561513,42064.8031343849
2025-12-09,43560.78,43824.29,43461.9,43574.5,,,,,,,,,,,0,0,0,0,,,,,,,,,,43351.87750000002,44597.16832343944,42106.5866765606
2025-12-10,43393.14,43495.24,43213.46,43465.34,,,,,,,,,,,0,0,0,0,,,,,,,,,,43285.51250000001,44344.07162142196,42226.953378578066
2025-12-11,43436.68,43852.81,43309.6,43702.01,,,,,,,,,,,0,0,0,0,,,,,,,,,,43232.845000000016,44076.67889963218,42389.011100367854
2025-12-12,43828.45,44049.63,43491.52,43513.95,,,,,,,,,,,0,0,0,0,,,,,,,,,,43208.80800000001,43989.491664549016,42428.12433545101
2025-12-15,43754.61,44201.95,43724.6,44116.96,,,,,43036.6,,,,,,0,0,0,0,,,,,,,,,,43226.292000000016,44069.38988229552,42383.19411770451
2025-12-16,44069.51,44366.53,43984.3,43990.48,,,,,,,,,,,0,0,0,0,,,,,,,,,,43283.88400000001,44169.4846608654,42398.28333913463
2025-12-17,44224.08,44297.55,44069.75,44099.48,,,,,,,,,,,0,0,0,0,,,,,,,,,,43356.28350000002,44259.81917329434,42452.7478267057
2025-12-18,44108.69,44465.65,44068.14,44463.28,,,,,,,,,,,0,0,0,0,,,,,,,,,,43433.56550000002,44433.11205169521,42434.01894830483
2025-12-19,44412.23,44788.75,44411.75,44757.55,,,45165.75,,,,,,,,0,0,0,0,,,,,,,,,,43538.35950000001,44627.665994025505,42449.05300597452
2025-12-22,44733.7,44797.72,44501.15,44593.6,44501.15,,,,,,,,,,0,0,0,0,44501.15,,,,,,,,,43653.131000000016,44677.333691102715,42628.92830889732
2025-12-23,44552.08,44724.21,44456.59,44606.58,,,,,,,,,,,0,0,0,0,,,,,,,,,,43748.52700000002,44754.6083020574,42742.44569794263
2025-12-29,44659.66,44660.11,44418.38,44436.01,,,,44901.840000000004,,,,,,,0,0,0,0,,,,,,,,,,43813.81150000001,44820.41068471967,42807.212315280354
2025-12-30,44431.68,45005.02,44413.16,44944.54,,,,,,,,,,,0,0,0,0,,,,,,,,,,43900.04500000001,44981.08761694281,42819.00238305722
2026-01-02,45000.27,45404.68,44957.01,45374.03,,,,,,,,,,,0,0,0,0,,,,,1,1,1,,,44000.89600000001,45227.07640950084,42774.715590499174
2026-01-05,45682.8,45849.76,45547.46,45847.32,,45849.76,,,,45071.729999999996,,,,,0,0,0,0,,45849.76,,,,,,,,44130.28800000001,45547.491591066515,42713.0844089335
2026-01-06,45990.75,46193.75,45753.35,45753.43,,,,,,,,,,,0,0,0,0,,,,,,,,,,44250.21800000001,45785.66066171415,42714.775338285865
2026-01-07,45778.4,45978.1,45558.68,45558.68,,,,,,,,,,,0,0,0,0,,,,,,,,,,44359.12000000001,45940.67839805773,42777.56160194229
2026-01-08,45426.46,45715.15,45419.75,45671.7,,,,,,,,,,,0,0,0,0,,,,,,,,,,44466.75150000001,46097.21930344711,42836.28369655291
2026-01-09,45757.04,45779.9,45577.19,45719.26,,,,,,,,,,,0,0,0,0,,,,,,,,,,44581.076000000015,46226.091760690346,42936.060239309685
2026-01-12,45547.05,45769.89,45378.08,45732.2,,,,,44986.270000000004,,,,,,0,0,0,0,,,,,,,,,,44696.045000000006,46325.31609268207,43066.77390731794
2026-01-13,45759.93,45782,45479.93,45525.1,,,,,,,,,,,0,0,0,0,,,,,,,,,,44793.57500000001,46375.463014698194,43211.68698530183
2026-01-14,45612.76,45791.31,45523.58,45647.4,,,,,,,,,,,0,0,0,0,,,,,,,,,,44902.67800000001,46401.91701219657,43403.43898780344
2026-01-15,45751.63,45926.36,45713.9,45849.77,,,,,,,,,,,0,0,0,0,,,,,,,,,,45010.066000000006,46456.67057885517,43563.46142114484
2026-01-16,45761.84,45822.64,45643.83,45799.69,,,,,,,,,,,0,0,0,0,,,,,,,,,,45124.35300000001,46434.86714691767,43813.83885308235
2026-01-19,45052.48,45394.2,44944.39,45195.89,44944.39,,46249.5,,,,,,,,0,0,0,0,44944.39,,,,,,,,,45178.29950000001,46404.619934065995,43951.97906593402
2026-01-20,44906.03,44930.57,44452.67,44713.46,,,,,,,,,,,0,0,0,0,,,,,,,,,,45214.44850000001,46336.797343024286,44092.09965697574
2026-01-21,44611.2,44675.09,44063.48,44488.36,,,,,,,,,,,0,0,0,0,,,,,,,,,,45233.89250000001,46289.8113414186,44177.97365858142
2026-01-22,44963.78,45187.55,44771.76,45091.23,,,,,,,,,,,0,0,0,0,,,,,,,,,,45265.29000000001,46263.449897204606,44267.13010279541
2026-01-23,44904.78,44984.94,44626.62,44831.6,,,,,,,,,,,0,0,0,0,,,,,,,,,,45268.99250000001,46260.11598779686,44277.869012203155
2026-01-26,44933.54,45092.64,44848.47,44950.32,,,,45353.68,,,,,,,0,0,0,0,,,,,,,,,,45286.82850000001,46240.83725421423,44332.81974578579
2026-01-27,45146.92,45524,44990.29,45440.44,,,,,,,,,,,0,0,0,0,,,,,,,,,,45328.52150000001,46231.48947969672,44425.5535203033
2026-01-28,45452.43,45473.06,44904.05,45138.73,,,,,,,,,,,0,0,0,0,,,,,,,,,,45363.65750000001,46175.0155131745,44552.29948682552
2026-01-29,45374.76,45578.19,44985.18,45075.6,,,,,,,,,,,0,0,0,0,,,,,,,,,,45370.21050000001,46169.95645166584,44570.464548334174
2026-01-30,45140.93,45583.54,45138.54,45527.42,,,,,,,,,,,0,0,0,0,,,,,,,,,,45377.88000000001,46180.56197310454,44575.19802689549
2026-02-02,45188.43,46105.3,45104.47,46005.21,,46105.3,,,,44103.64,,,,,0,0,0,0,,46105.3,,,,,1,,,45385.774500000014,46209.596604876526,44561.9523951235
2026-02-03,46275.02,46528.48,46214.19,46420.52,,,,,,,,,,,0,0,0,0,,,,,,,,,,45419.12900000001,46347.21213551276,44491.045864487256
2026-02-04,46557.38,47093.98,46493.64,46636.43,,,,,,,,,,,0,0,0,0,,,,,,,,,,45473.01650000001,46541.75047269697,44404.282527303054
2026-02-05,46640.08,46776.38,45587.43,45819.57,,,,,,,,,,,0,0,0,0,,,,,,,,,,45480.41000000001,46556.55984461584,44404.26015538418
2026-02-06,45723.9,45970.15,45420.24,45877.2,,,,,,,,,,,0,0,0,0,,,,,,,,,,45488.307000000015,46573.630746146424,44402.98325385361
2026-02-09,46152.62,46839.02,46145.7,46822.81,,,,,,,,,,,0,0,0,0,,,,,,,,,,45542.83750000001,46771.78673595449,44313.88826404553
2026-02-10,46906.09,46997.16,46633.42,46802.99,,,,,46269.67999999999,,,,,,0,0,0,0,,,,,,,,,,45606.73200000001,46952.65924056759,44260.80475943243
2026-02-11,46854.11,46858.22,46225.99,46510.83,,,,,,,,,,,0,0,0,0,,,,,,,,,,45649.90350000001,47052.477164635624,44247.32983536439
2026-02-12,46713.22,46947.73,46117.32,46222.95,,,,,,,,,,,0,0,0,0,,,,,,,,,,45668.56250000001,47091.06289939373,44246.06210060629
2026-02-13,46218.14,46229.08,45114.84,45430.62,,,,,,,,,,,0,0,0,0,,,,,,,,,,45650.10900000001,47074.90010820991,44225.31789179011
2026-02-16,45487.99,45759.02,45409.88,45419.2,,,46108.159999999996,,,,,,,,0,0,0,0,,,,,,,,,,45661.27450000001,47075.11036096078,44247.43863903923
2026-02-17,45295.41,45799.31,45293.56,45764.07,45293.56,,,,,,,,,,0,0,0,0,45293.56,,,,,,,,,45713.80500000001,47059.29262376311,44368.317376236904
2026-02-18,45952.34,46418.74,45952.34,46361.09,,,,,,,,,,,0,0,0,0,,,,,,,,,,45807.4415,47055.92788511349,44558.955114886514
2026-02-19,46254.74,46282.17,45563.03,45794.22,,,,,,,,,,,0,0,0,0,,,,,,,,,,45842.591,47047.25671441149,44637.92528558851
2026-02-20,45900.1,46713.45,45803.22,46472.98,,,,,,,,,,,0,0,0,0,,,,,,,,,,45924.66,47064.54407229915,44784.77592770086
2026-02-23,46638.69,47103.98,46457.48,46699.29,,,,,,,,,,,0,0,0,0,,,,,,,,,,46012.10850000001,47107.04657036232,44917.1704296377
2026-02-24,46579.64,46742.61,46383.22,46651.72,,,,,,,,,,,0,0,0,0,,,,,,,,,,46072.67250000001,47168.426571383236,44976.91842861678
2026-02-25,46903.36,47171.41,46859.33,47170.44,,,,47691.100000000006,,,,,,,0,0,0,0,,,,,,,,,,46174.25800000001,47281.49217029195,45067.023829708065
2026-02-26,47095.13,47453.87,47055.03,47425.94,,,,,,,,,,,0,0,0,0,,,,,,,,,,46291.77500000001,47406.520806153814,45177.0291938462
2026-02-27,47449.35,47650.97,47115.74,47209.89,,,,,,,,,,,0,0,0,0,,,,,,,,,,46375.89850000001,47501.10535954562,45250.6916404544
2026-03-02,46325.09,46519.12,45970.35,46280.4,,,,,,,,,,,0,0,0,0,,,,,,,1,,,46389.65800000001,47503.06501511224,45276.25098488778
2026-03-03,45593.36,45648.41,44036.05,44468.46,,,,,,41791.700000000004,,,,,0,0,0,0,,,,,,,,,,46292.05500000001,47684.74292530813,44899.36707469189
2026-03-04,44446.2,45517.33,44327.5,45336.88,,45517.33,,,,,,,,,0,0,0,0,,45517.33,,,,,,,,46227.07750000001,47669.798673086865,44784.35632691315
2026-03-05,45226.42,45656.95,44545.12,44608.55,,,,,,,,,,,0,0,0,0,,,,,,,,,,46166.52650000001,47765.74270489876,44567.310295101255
2026-03-06,44858.21,45054.1,43670.52,44152.26,,,,,,,,,,,0,0,0,0,,,,,,,,,,46080.279500000004,47903.03846153558,44257.52053846443
2026-03-09,42883.68,44052.75,42862.1,44024.96,,,,,,,,,,,0,0,0,0,,,,,,,,,,45940.38700000001,47935.071919069196,43945.70208093082
2026-03-10,45038.84,45406.55,44797.2,45201.69,,,,,,,,,,,0,0,0,0,,,,,,,,,,45860.32200000001,47838.564698433,43882.07930156701
2026-03-11,44812.16,45121.83,44594.62,44772.96,,,,,,,,,,,0,0,0,0,,,,,,,,,,45773.4285,47782.179690350174,43764.67730964983
2026-03-12,44609.14,44836.48,43987.66,44456.18,,,,,43138.840000000004,,,,,,0,0,0,0,,,,,,,,,,45685.090000000004,47761.25988436941,43608.9201156306
2026-03-13,44141.71,44899.86,43833.29,44316.92,,,,,,,,,,,0,0,0,0,,,,,,,,,,45629.405,47787.99364665436,43470.81635334564
2026-03-16,44287.96,44594.01,43828.65,44347.56,,,,,,,,,,,0,0,0,0,,,,,,,,,,45575.823,47804.68120880769,43346.9647911923
2026-03-17,44211.4,45128.61,44203.65,44887.54,,,,,,,,,,,0,0,0,0,,,,,,,,,,45531.996499999994,47778.724159859754,43285.268840140234
2026-03-18,45131.95,45402.26,44517.44,44741.34,,,46287.08,,,,,,,,0,0,0,0,,,,,,,,,,45451.009000000005,47689.110340600746,43212.907659399265
2026-03-19,44217.34,44253.13,43426.64,43701.38,43426.64,,,,,,,,,,0,0,0,0,43426.64,,,,,,,,,45346.367000000006,47703.055224514974,42989.67877548504
2026-03-20,44077.96,44382.92,42784.94,42840.9,,,,,,,,,,,1,0,0,0,,,,,,,,,,45164.763000000006,47699.26116404872,42630.26483595129
2026-03-23,41929.2,44008.39,41616.11,43189.8,,,,,,,,,,,0,0,0,0,,,,,,,,,,44989.28850000001,47560.21379850471,42418.36320149531
2026-03-24,43246.79,43453.54,42785.81,43369.53,,,,,,,,,,,0,0,0,0,,,,,,,,,,44825.179000000004,47369.56831764788,42280.78968235213
2026-03-25,43895.98,44240.97,43749.08,44013.29,,,,,,,,,,,0,0,0,0,,,,,,,,,,44667.321500000005,46992.4072955296,42342.23570447041
2026-03-26,43737.54,43916.12,43383.06,43701.84,,,,44546.350000000006,,,,,,,0,0,0,0,,,,,,,,,,44481.1165,46463.98574635444,42498.24725364555
2026-03-27,43779.89,43881.48,43002.59,43379.1,,,,,,,,,,,0,0,0,0,,,,,,,,,,44289.577000000005,45882.89681669945,42696.25718330056
2026-03-30,43268.48,43883.88,43188.06,43823.24,,,,,,,,,,,0,0,0,0,,,,,,,,,,44166.719,45481.6754561923,42851.762543807694
2026-03-31,43821.26,44435.8,43644.96,44309.71,,,,,,,,,,,0,0,0,0,,,,,,,,,,44158.7815,45468.26163541924,42849.30136458075
2026-04-01,45230.11,45914.68,45075.77,45714.95,,,,,,,,,,,0,0,0,0,,,,,,1,1,,,44177.685,45563.34647407873,42792.023525921264
2026-04-02,45002.32,45703.39,44779.18,45624.94,,45703.39,,,,43843.41,,,,,0,0,0,0,,45703.39,,,,,,,,44228.504499999995,45742.27717506891,42714.73182493108
2026-04-07,45780.56,46255.09,45215.76,45411.79,,,,,,,,,,,0,0,0,0,,,,,,,,,,44291.48099999999,45889.76565040581,42693.196349594175
2026-04-08,45862.71,47405.47,45792.58,47091.55,,,,,,,,,,,0,0,0,0,,,,,,,,,,44444.8105,46448.39345902719,42441.22754097281
2026-04-09,47030.86,47327.99,46894.61,47327.99,,,,,,,,,,,0,0,0,0,,,,,,,,,,44551.125499999995,46899.97727206763,42202.27372793236
2026-04-10,47392.99,47770.38,47283.06,47609.36,,,,,46795.74,,,,,,0,0,0,0,,,,,,,,,,44692.945499999994,47394.310069965606,41991.58093003438
2026-04-13,47234.12,47562.75,47080.61,47527.16,,,,,,,,,,,0,0,0,0,,,,,,,,,,44846.49449999999,47812.70490121348,41880.284098786506
2026-04-14,47806.82,48214.82,47708.42,48175.65,,,,,,,,,,,0,0,0,0,,,,,,,,,,45039.43099999999,48327.29833469663,41751.56366530335
2026-04-15,48207.86,48277.36,48010.4,48155.82,,,,,,,,,,,0,0,0,0,,,,,,,,,,45229.84399999999,48767.029625893156,41692.658374106824
2026-04-16,48274.5,48454.23,47965.83,48026.94,,,48942.630000000005,,,,,,,,0,0,0,0,,,,,,,,,,45386.81399999999,49122.3780309577,41651.249969042285
2026-04-17,48047.69,48957.89,48036.26,48869.43,48036.26,,,,,,,,,,0,0,0,0,48036.26,,,,,,,,,45593.218499999995,49608.99026426393,41577.44673573606
2026-04-20,48193.02,48407.63,48094.18,48207.02,,,,,,,,,,,0,0,0,0,,,,,,,,,,45818.500499999995,49889.61779367104,41747.38320632895
2026-04-21,48342.09,48439.61,47851.24,47903.29,,,,,,,,,,,0,0,0,0,,,,,,,,,,46071.619999999995,49997.65700925605,42145.58299074394
2026-04-22,48022.61,48098.89,47743.21,47785.46,,,,,,,,,,,0,0,0,0,,,,,,,,,,46301.403,50060.26424994403,42542.54175005596
2026-04-23,47612.7,47988.32,47503.5,47907.41,,,,,,,,,,,0,0,0,0,,,,,,,,,,46528.297,50094.778485522256,42961.81551447774
2026-04-24,47631.9,47853.73,47340.99,47656.11,,,,,,,,,,,0,0,0,0,,,,,,,,,,46710.437999999995,50112.85320124037,43308.02279875962
2026-04-27,47682.2,48003.81,47544.91,47673.91,,,,48462.70999999999,,,,,,,0,0,0,0,,,,,,,,,,46909.0415,50038.57486371692,43779.508136283075
2026-04-28,47846.69,48326.8,47825.57,48040.24,,,,,,,,,,,0,0,0,0,,,,,,,,,,47142.09849999999,49851.441856649544,44432.75514335044
2026-04-29,48036.31,48075.66,47685.16,47796.03,,,,,,,,,,,0,0,0,0,,,,,,,,,,47340.738,49591.35386085071,45090.12213914929
2026-04-30,47326.17,48266.79,47120.01,48246.12,,,,,,,,,,,0,0,0,0,,,,,,,,,,47537.5585,49336.67930807775,45738.43769192225
2026-05-04,48405.51,48417.86,47428.76,47478.13,,48417.86,,,,46439.66,,,,,0,0,0,0,,48417.86,,,,,1,,,47625.7175,49220.105672748716,46031.32932725128
2026-05-05,47714.73,48598.44,47692.75,48557.5,,,,,,,,,,,0,0,0,0,,,,,,,,,,47772.3455,49124.78631882451,46419.904681175496
2026-05-06,48976.16,49772.51,48953.73,49696.75,,,,,,,,,,,0,0,0,0,,,,,,,,,,47986.5935,49114.29444821968,46858.89255178032
2026-05-07,49885.06,49898.95,49244.73,49291.01,,,,,,,,,,,0,0,0,0,,,,,,,,,,48096.5665,49281.223873849594,46911.90912615041
2026-05-08,49040.85,49445.17,48949.09,49289.54,,,,,,,,,,,0,0,0,0,,,,,,,,,,48194.644,49432.15420054861,46957.13379945139
2026-05-11,49328.01,49664.95,49225.53,49664.95,,,,,48786.11,,,,,,0,0,0,0,,,,,,,,,,48297.423500000004,49658.68228089897,46936.16471910104
2026-05-12,49078.33,49343.61,48913.65,48990.98,,,,,,,,,,,0,0,0,0,,,,,,,,,,48370.6145,49715.65752180309,47025.571478196915
2026-05-13,49410.38,49488.41,48933.91,49480.7,,,,,,,,,,,0,0,0,0,,,,,,,,,,48435.867000000006,49860.98626086424,47010.74773913577
2026-05-14,49789.43,50050.35,49610.45,50050.27,,,,,,,,,,,0,0,0,0,,,,,,,,,,48530.58950000001,50111.93375236849,46949.24524763153
2026-05-15,49528.64,49619.74,48933.65,49116.47,,,,,,,,,,,0,0,0,0,,,,,,,,,,48585.066000000006,50168.32135419233,47001.81064580768
2026-05-18,48092.5,48804.86,47988.01,48669.05,47988.01,,49933.32,,,,,,,,0,0,0,0,47988.01,,,,,,,,,48575.047000000006,50153.506401025756,46996.587598974256
2026-05-19,48684.42,48903.92,48275.35,48354.89,,,,,,,,,,,0,0,0,0,,,,,,,,,,48582.44050000001,50155.31063821768,47009.570361782346
2026-05-20,48299.4,49398.84,48237.4,49181.66,,,,,,,,,,,0,0,0,0,,,,,,,,,,48646.35900000001,50207.493809885484,47085.22419011454
2026-05-21,49196.81,49383.48,48752.04,49168.7,,,,,,,,,,,0,0,0,0,,,,,,,,,,48715.52100000001,50240.101916868094,47190.94008313192
2026-05-22,49473.59,49704.45,49292.63,49510.97,,,,,,,,,,,0,0,0,0,,,,,,,,,,48795.69900000001,50310.48349622245,47280.91450377757
2026-05-25,49916.9,50326.88,49780.15,50220.35,,,,51142.78999999999,,,,,,,0,0,0,0,,,,,,,,,,48923.91100000001,50465.01848450433,47382.80351549568
2026-05-26,50179.08,50271.02,49897.22,49899.22,,,,,,,,,,,0,0,0,0,,,,,,,,,,49035.17650000001,50519.50707703818,47550.84592296184
2026-05-27,49992.5,50127.48,49460.98,49578.67,,,,,,,,,,,0,0,0,0,,,,,,,,,,49112.098000000005,50540.61712916339,47683.57887083662
2026-05-28,49407.41,49970.86,49399.71,49825.32,,,,,,,,,,,0,0,0,0,,,,,,,,,,49213.56250000001,50538.25750318933,47888.867496810686
2026-05-29,49964.41,50210.82,49932.82,50036.75,,,,,,,,,,,0,0,0,0,,,,,,,,,,49303.094000000005,50595.80117000306,48010.38682999695
2026-06-01,49998.01,50187.31,49532.35,49775.16,,50187.31,,,,48877.39,,,,,0,0,0,0,,50187.31,,,,,1,,,49417.94550000001,50416.343667355824,48419.54733264419
2026-06-02,50160.06,50581.86,50107.52,50578.54,,,,,,,,,,,0,0,0,0,,,,,,,,,,49518.99750000001,50556.91633148516,48481.07866851486
2026-06-03,50399.09,50527.39,50038.16,50038.16,,,,,,,,,,,0,0,0,0,,,,,,,,,,49536.06800000001,50596.113585294515,48476.0224147055
2026-06-04,49976.09,50242.44,49759.06,50174.36,,,,,,,,,,,0,0,0,0,,,,,,,,,,49580.23550000001,50668.98075094558,48491.49024905444
2026-06-05,50251.21,50319.55,49868.02,49893.05,,,,,,,,,,,0,0,0,0,,,,,,,,,,49610.41100000001,50698.709573826745,48522.11242617327
2026-06-08,49409.71,50308.45,49342.44,50208.13,,,,,48376.43000000001,,,,,,0,0,0,0,,,,,,,,,,49637.57000000001,50756.63301911829,48518.50698088172
2026-06-09,50283.11,51240.25,50253.41,50262.76,,,,,,,,,,,0,0,0,0,,,,,,,,,,49701.15900000001,50810.52123961082,48591.796760389196
2026-06-10,50518.67,50756.74,49796.77,50029.17,,,,,,,,,,,0,0,0,0,,,,,,,,,,49728.582500000004,50841.89925382755,48615.26574617246
2026-06-11,50224.92,50816.83,50164.37,50504.74,,,,,,,,,,,0,0,0,0,,,,,,,,,,49751.306000000004,50907.67803700773,48594.933962992276
2026-06-12,51125.39,51645.87,51057.32,51497.21,,,,,,,,,,,0,0,0,0,,,,,,,,,,49870.34300000001,51215.53810278662,48525.1478972134
2026-06-15,52219.36,52342.12,51718.41,51835.95,51718.41,,53187.030000000006,,,,,,,,0,0,0,0,51718.41,,,,,,,,,50028.68800000001,51509.687159277586,48547.68884072243
2026-06-16,52013.51,52530.55,52011.9,52432.56,,,,,,,,,,,0,0,0,0,,,,,,,,,,50232.571500000005,51851.98026649835,48613.16273350166
2026-06-17,52363.22,52600.32,52232.56,52595.23,,,,,,,,,,,0,0,0,0,,,,,,,,,,50403.25000000001,52247.567812340625,48558.93218765939
2026-06-18,52674.63,52836.94,52331.53,52688.22,,,,,,,,,,,0,0,0,0,,,,,,,,,,50579.226,52583.47968212114,48574.97231787886
2026-06-19,52711.33,53188.37,52695.16,52848.93,,,,,,,,,,,0,0,0,0,,,,,,,,,,50746.124,52915.845209256266,48576.40279074374
2026-06-22,52856.68,52877.32,52472.76,52796.78,,,,,,,,,,,0,0,0,0,,,,,,,,,,50874.9455,53204.55073623675,48545.34026376325
2026-06-23,52315.79,52483.73,51869.14,52024.41,,,,53411.37,,,,,,,0,0,0,0,,,,,,,,,,50981.205,53316.957963911744,48645.45203608826
2026-06-24,52017.95,52062.39,51484.78,51638.94,,,,,,,,,,,0,0,0,0,,,,,,,,,,51084.2185,53343.952326027065,48824.48467397294
2026-06-25,51766.54,51964.79,51546.09,51782.91,,,,,,,,,,,0,0,0,0,,,,,,,,,,51182.09800000001,53384.08443369594,48980.111566304084
2026-06-26,51516.12,51536.56,50943.84,51265.35,,,,,,,,,,,0,0,0,0,,,,,,,,,,51243.528000000006,53381.90856609789,49105.14743390212
2026-06-29,51287.35,51537.07,50997.46,51163.2,,,,,,50457.85,,,,,0,0,0,0,,,,,,,,,,51312.93000000001,53343.564013277195,49282.29598672282
2026-06-30,51373.75,51746.09,51243.08,51682.43,,51746.09,,,,,,,,,0,0,0,0,,51746.09,,,,,,,,51368.12450000001,53375.7920721183,49360.45692788172
2026-07-01,51543.93,51701.65,51321.82,51604.56,,,,,,,,,,,0,0,0,0,,,,,,1,1,,,51446.444500000005,53360.50098438548,49532.38801561453
2026-07-02,51558.23,52716.4,51557.9,52428.18,,,,,,,,,,,0,0,0,0,,,,,,,,,,51559.135500000004,53425.130222088,49693.140777912005
2026-07-03,52614.5,52845.88,52477.1,52818.85,,,,,,,,,,,0,0,0,0,,,,,,,,,,51705.4255,53482.65401431675,49928.196985683244
2026-07-06,52952.24,53158.69,52747.95,52959.14,,,,,,,,,,,0,0,0,0,,,,,,,,,,51842.976,53560.19522844354,50125.756771556466
2026-07-07,52910.22,53220.97,52445.6,52455.44,,,,,,,,,,,0,0,0,0,,,,,,,,,,51952.61,53526.25841424066,50378.96158575934
2026-07-08,52308.77,52309.14,51483.07,51817.25,,,,,50510.7,,,,,,0,0,0,0,,,,,,,,,,52042.014,53348.971233415155,50735.05676658485
2026-07-09,52169.06,52393.4,52098.61,52381.92,,,,,,,,,,,0,0,0,0,,,,,,,,,,52135.87300000001,53241.930914398035,51029.81508560198
2026-07-10,52432.69,52818.35,52399.32,52614.17,,,,,,,,,,,0,0,0,0,,,,,,,,,,52191.721000000005,53275.724520342264,51107.717479657746
2026-07-13,52455.54,52880.21,52430.03,52809.35,,,,,,,,,,,0,0,0,0,,,,,,,,,,52240.391,53343.371993469395,51137.41000653061
2026-07-14,52467.73,53006.04,52318.52,52862.5,,,53693.560000000005,,,,,,,,0,0,0,0,,,,,,,,,,52261.888000000006,53395.35027311838,51128.42572688163
2026-07-15,52742.73,52758.05,52384.22,52411.25,52384.22,,,,,,,,,,0,0,0,0,52384.22,,,,,,,,,52252.689000000006,53378.138537649145,51127.239462350866
2026-07-16,52457.81,52480.53,51886.18,52373.96,,,,,,,,,,,0,0,0,0,,,,,,,,,,52236.97600000001,53346.323983733135,51127.628016266885
2026-07-17,51947.06,52136.19,51554.13,51882.28,,,,,,,,,,,0,0,0,0,,,,,,,,,,52188.643500000006,53271.035821503414,51106.2511784966
2026-07-20,51789.47,52157.37,51672.33,51862.79,,,,,,,,,,,0,0,0,0,,,,,,,,,,52141.944,53195.56625897828,51088.321741021726